fecha,estado,casos
2020-02-28,AGUASCALIENTES,0
2020-02-29,AGUASCALIENTES,0
2020-03-01,AGUASCALIENTES,0
2020-03-02,AGUASCALIENTES,0
2020-03-03,AGUASCALIENTES,0
2020-03-04,AGUASCALIENTES,0
2020-03-05,AGUASCALIENTES,0
2020-03-06,AGUASCALIENTES,0
2020-03-07,AGUASCALIENTES,0
2020-03-08,AGUASCALIENTES,0
2020-03-09,AGUASCALIENTES,0
2020-03-10,AGUASCALIENTES,0
2020-03-11,AGUASCALIENTES,0
2020-03-12,AGUASCALIENTES,0
2020-03-13,AGUASCALIENTES,0
2020-03-14,AGUASCALIENTES,1
2020-03-15,AGUASCALIENTES,0
2020-03-16,AGUASCALIENTES,0
2020-03-17,AGUASCALIENTES,1
2020-03-18,AGUASCALIENTES,3
2020-03-19,AGUASCALIENTES,1
2020-03-20,AGUASCALIENTES,2
2020-03-21,AGUASCALIENTES,1
2020-03-22,AGUASCALIENTES,1
2020-03-23,AGUASCALIENTES,4
2020-03-24,AGUASCALIENTES,0
2020-03-25,AGUASCALIENTES,17
2020-03-26,AGUASCALIENTES,3
2020-03-27,AGUASCALIENTES,6
2020-03-28,AGUASCALIENTES,5
2020-03-29,AGUASCALIENTES,3
2020-03-30,AGUASCALIENTES,4
2020-03-31,AGUASCALIENTES,1
2020-04-01,AGUASCALIENTES,0
2020-04-02,AGUASCALIENTES,0
2020-04-03,AGUASCALIENTES,2
2020-04-04,AGUASCALIENTES,0
2020-04-05,AGUASCALIENTES,3
2020-04-06,AGUASCALIENTES,4
2020-04-07,AGUASCALIENTES,1
2020-04-08,AGUASCALIENTES,1
2020-04-09,AGUASCALIENTES,0
2020-04-10,AGUASCALIENTES,3
2020-04-11,AGUASCALIENTES,1
2020-04-12,AGUASCALIENTES,2
2020-04-13,AGUASCALIENTES,7
2020-04-14,AGUASCALIENTES,2
2020-04-15,AGUASCALIENTES,11
2020-04-16,AGUASCALIENTES,6
2020-04-17,AGUASCALIENTES,15
2020-04-18,AGUASCALIENTES,12
2020-04-19,AGUASCALIENTES,3
2020-04-20,AGUASCALIENTES,17
2020-04-21,AGUASCALIENTES,13
2020-04-22,AGUASCALIENTES,10
2020-04-23,AGUASCALIENTES,20
2020-04-24,AGUASCALIENTES,11
2020-04-25,AGUASCALIENTES,1
2020-04-26,AGUASCALIENTES,7
2020-04-27,AGUASCALIENTES,15
2020-04-28,AGUASCALIENTES,27
2020-04-29,AGUASCALIENTES,17
2020-04-30,AGUASCALIENTES,25
2020-05-01,AGUASCALIENTES,4
2020-05-02,AGUASCALIENTES,4
2020-05-03,AGUASCALIENTES,3
2020-05-04,AGUASCALIENTES,48
2020-05-05,AGUASCALIENTES,11
2020-05-06,AGUASCALIENTES,15
2020-05-07,AGUASCALIENTES,24
2020-05-08,AGUASCALIENTES,13
2020-05-09,AGUASCALIENTES,0
2020-05-10,AGUASCALIENTES,4
2020-05-11,AGUASCALIENTES,12
2020-05-12,AGUASCALIENTES,43
2020-05-13,AGUASCALIENTES,14
2020-05-14,AGUASCALIENTES,22
2020-05-15,AGUASCALIENTES,27
2020-05-16,AGUASCALIENTES,3
2020-05-17,AGUASCALIENTES,7
2020-05-18,AGUASCALIENTES,35
2020-05-19,AGUASCALIENTES,20
2020-05-20,AGUASCALIENTES,26
2020-05-21,AGUASCALIENTES,30
2020-05-22,AGUASCALIENTES,23
2020-05-23,AGUASCALIENTES,17
2020-05-24,AGUASCALIENTES,8
2020-05-25,AGUASCALIENTES,38
2020-05-26,AGUASCALIENTES,37
2020-05-27,AGUASCALIENTES,32
2020-05-28,AGUASCALIENTES,43
2020-05-29,AGUASCALIENTES,41
2020-05-30,AGUASCALIENTES,14
2020-05-31,AGUASCALIENTES,17
2020-06-01,AGUASCALIENTES,57
2020-06-02,AGUASCALIENTES,38
2020-06-03,AGUASCALIENTES,15
2020-06-04,AGUASCALIENTES,0
2020-02-28,BAJA CALIFORNIA,0
2020-02-29,BAJA CALIFORNIA,0
2020-03-01,BAJA CALIFORNIA,0
2020-03-02,BAJA CALIFORNIA,0
2020-03-03,BAJA CALIFORNIA,0
2020-03-04,BAJA CALIFORNIA,0
2020-03-05,BAJA CALIFORNIA,0
2020-03-06,BAJA CALIFORNIA,0
2020-03-07,BAJA CALIFORNIA,0
2020-03-08,BAJA CALIFORNIA,0
2020-03-09,BAJA CALIFORNIA,0
2020-03-10,BAJA CALIFORNIA,0
2020-03-11,BAJA CALIFORNIA,1
2020-03-12,BAJA CALIFORNIA,0
2020-03-13,BAJA CALIFORNIA,0
2020-03-14,BAJA CALIFORNIA,0
2020-03-15,BAJA CALIFORNIA,0
2020-03-16,BAJA CALIFORNIA,1
2020-03-17,BAJA CALIFORNIA,3
2020-03-18,BAJA CALIFORNIA,4
2020-03-19,BAJA CALIFORNIA,5
2020-03-20,BAJA CALIFORNIA,6
2020-03-21,BAJA CALIFORNIA,3
2020-03-22,BAJA CALIFORNIA,2
2020-03-23,BAJA CALIFORNIA,10
2020-03-24,BAJA CALIFORNIA,9
2020-03-25,BAJA CALIFORNIA,7
2020-03-26,BAJA CALIFORNIA,11
2020-03-27,BAJA CALIFORNIA,16
2020-03-28,BAJA CALIFORNIA,7
2020-03-29,BAJA CALIFORNIA,21
2020-03-30,BAJA CALIFORNIA,29
2020-03-31,BAJA CALIFORNIA,45
2020-04-01,BAJA CALIFORNIA,65
2020-04-02,BAJA CALIFORNIA,29
2020-04-03,BAJA CALIFORNIA,38
2020-04-04,BAJA CALIFORNIA,24
2020-04-05,BAJA CALIFORNIA,20
2020-04-06,BAJA CALIFORNIA,67
2020-04-07,BAJA CALIFORNIA,40
2020-04-08,BAJA CALIFORNIA,59
2020-04-09,BAJA CALIFORNIA,59
2020-04-10,BAJA CALIFORNIA,48
2020-04-11,BAJA CALIFORNIA,34
2020-04-12,BAJA CALIFORNIA,44
2020-04-13,BAJA CALIFORNIA,81
2020-04-14,BAJA CALIFORNIA,103
2020-04-15,BAJA CALIFORNIA,102
2020-04-16,BAJA CALIFORNIA,85
2020-04-17,BAJA CALIFORNIA,97
2020-04-18,BAJA CALIFORNIA,46
2020-04-19,BAJA CALIFORNIA,44
2020-04-20,BAJA CALIFORNIA,111
2020-04-21,BAJA CALIFORNIA,104
2020-04-22,BAJA CALIFORNIA,93
2020-04-23,BAJA CALIFORNIA,108
2020-04-24,BAJA CALIFORNIA,86
2020-04-25,BAJA CALIFORNIA,45
2020-04-26,BAJA CALIFORNIA,67
2020-04-27,BAJA CALIFORNIA,109
2020-04-28,BAJA CALIFORNIA,96
2020-04-29,BAJA CALIFORNIA,106
2020-04-30,BAJA CALIFORNIA,87
2020-05-01,BAJA CALIFORNIA,89
2020-05-02,BAJA CALIFORNIA,76
2020-05-03,BAJA CALIFORNIA,90
2020-05-04,BAJA CALIFORNIA,140
2020-05-05,BAJA CALIFORNIA,134
2020-05-06,BAJA CALIFORNIA,107
2020-05-07,BAJA CALIFORNIA,113
2020-05-08,BAJA CALIFORNIA,132
2020-05-09,BAJA CALIFORNIA,75
2020-05-10,BAJA CALIFORNIA,70
2020-05-11,BAJA CALIFORNIA,127
2020-05-12,BAJA CALIFORNIA,112
2020-05-13,BAJA CALIFORNIA,113
2020-05-14,BAJA CALIFORNIA,105
2020-05-15,BAJA CALIFORNIA,117
2020-05-16,BAJA CALIFORNIA,61
2020-05-17,BAJA CALIFORNIA,66
2020-05-18,BAJA CALIFORNIA,167
2020-05-19,BAJA CALIFORNIA,133
2020-05-20,BAJA CALIFORNIA,146
2020-05-21,BAJA CALIFORNIA,142
2020-05-22,BAJA CALIFORNIA,170
2020-05-23,BAJA CALIFORNIA,62
2020-05-24,BAJA CALIFORNIA,68
2020-05-25,BAJA CALIFORNIA,122
2020-05-26,BAJA CALIFORNIA,116
2020-05-27,BAJA CALIFORNIA,94
2020-05-28,BAJA CALIFORNIA,81
2020-05-29,BAJA CALIFORNIA,78
2020-05-30,BAJA CALIFORNIA,67
2020-05-31,BAJA CALIFORNIA,39
2020-06-01,BAJA CALIFORNIA,75
2020-06-02,BAJA CALIFORNIA,28
2020-06-03,BAJA CALIFORNIA,7
2020-06-04,BAJA CALIFORNIA,4
2020-02-28,BAJA CALIFORNIA SUR,0
2020-02-29,BAJA CALIFORNIA SUR,0
2020-03-01,BAJA CALIFORNIA SUR,0
2020-03-02,BAJA CALIFORNIA SUR,0
2020-03-03,BAJA CALIFORNIA SUR,0
2020-03-04,BAJA CALIFORNIA SUR,0
2020-03-05,BAJA CALIFORNIA SUR,0
2020-03-06,BAJA CALIFORNIA SUR,0
2020-03-07,BAJA CALIFORNIA SUR,0
2020-03-08,BAJA CALIFORNIA SUR,0
2020-03-09,BAJA CALIFORNIA SUR,0
2020-03-10,BAJA CALIFORNIA SUR,0
2020-03-11,BAJA CALIFORNIA SUR,0
2020-03-12,BAJA CALIFORNIA SUR,0
2020-03-13,BAJA CALIFORNIA SUR,0
2020-03-14,BAJA CALIFORNIA SUR,0
2020-03-15,BAJA CALIFORNIA SUR,0
2020-03-16,BAJA CALIFORNIA SUR,0
2020-03-17,BAJA CALIFORNIA SUR,0
2020-03-18,BAJA CALIFORNIA SUR,1
2020-03-19,BAJA CALIFORNIA SUR,0
2020-03-20,BAJA CALIFORNIA SUR,1
2020-03-21,BAJA CALIFORNIA SUR,1
2020-03-22,BAJA CALIFORNIA SUR,0
2020-03-23,BAJA CALIFORNIA SUR,4
2020-03-24,BAJA CALIFORNIA SUR,2
2020-03-25,BAJA CALIFORNIA SUR,0
2020-03-26,BAJA CALIFORNIA SUR,2
2020-03-27,BAJA CALIFORNIA SUR,4
2020-03-28,BAJA CALIFORNIA SUR,4
2020-03-29,BAJA CALIFORNIA SUR,1
2020-03-30,BAJA CALIFORNIA SUR,13
2020-03-31,BAJA CALIFORNIA SUR,7
2020-04-01,BAJA CALIFORNIA SUR,5
2020-04-02,BAJA CALIFORNIA SUR,11
2020-04-03,BAJA CALIFORNIA SUR,16
2020-04-04,BAJA CALIFORNIA SUR,6
2020-04-05,BAJA CALIFORNIA SUR,5
2020-04-06,BAJA CALIFORNIA SUR,23
2020-04-07,BAJA CALIFORNIA SUR,24
2020-04-08,BAJA CALIFORNIA SUR,24
2020-04-09,BAJA CALIFORNIA SUR,25
2020-04-10,BAJA CALIFORNIA SUR,9
2020-04-11,BAJA CALIFORNIA SUR,7
2020-04-12,BAJA CALIFORNIA SUR,5
2020-04-13,BAJA CALIFORNIA SUR,14
2020-04-14,BAJA CALIFORNIA SUR,17
2020-04-15,BAJA CALIFORNIA SUR,5
2020-04-16,BAJA CALIFORNIA SUR,9
2020-04-17,BAJA CALIFORNIA SUR,6
2020-04-18,BAJA CALIFORNIA SUR,4
2020-04-19,BAJA CALIFORNIA SUR,8
2020-04-20,BAJA CALIFORNIA SUR,7
2020-04-21,BAJA CALIFORNIA SUR,12
2020-04-22,BAJA CALIFORNIA SUR,4
2020-04-23,BAJA CALIFORNIA SUR,9
2020-04-24,BAJA CALIFORNIA SUR,13
2020-04-25,BAJA CALIFORNIA SUR,5
2020-04-26,BAJA CALIFORNIA SUR,7
2020-04-27,BAJA CALIFORNIA SUR,10
2020-04-28,BAJA CALIFORNIA SUR,4
2020-04-29,BAJA CALIFORNIA SUR,4
2020-04-30,BAJA CALIFORNIA SUR,14
2020-05-01,BAJA CALIFORNIA SUR,2
2020-05-02,BAJA CALIFORNIA SUR,9
2020-05-03,BAJA CALIFORNIA SUR,7
2020-05-04,BAJA CALIFORNIA SUR,7
2020-05-05,BAJA CALIFORNIA SUR,12
2020-05-06,BAJA CALIFORNIA SUR,10
2020-05-07,BAJA CALIFORNIA SUR,11
2020-05-08,BAJA CALIFORNIA SUR,8
2020-05-09,BAJA CALIFORNIA SUR,6
2020-05-10,BAJA CALIFORNIA SUR,9
2020-05-11,BAJA CALIFORNIA SUR,6
2020-05-12,BAJA CALIFORNIA SUR,16
2020-05-13,BAJA CALIFORNIA SUR,13
2020-05-14,BAJA CALIFORNIA SUR,8
2020-05-15,BAJA CALIFORNIA SUR,5
2020-05-16,BAJA CALIFORNIA SUR,11
2020-05-17,BAJA CALIFORNIA SUR,3
2020-05-18,BAJA CALIFORNIA SUR,11
2020-05-19,BAJA CALIFORNIA SUR,14
2020-05-20,BAJA CALIFORNIA SUR,17
2020-05-21,BAJA CALIFORNIA SUR,7
2020-05-22,BAJA CALIFORNIA SUR,14
2020-05-23,BAJA CALIFORNIA SUR,7
2020-05-24,BAJA CALIFORNIA SUR,9
2020-05-25,BAJA CALIFORNIA SUR,17
2020-05-26,BAJA CALIFORNIA SUR,13
2020-05-27,BAJA CALIFORNIA SUR,21
2020-05-28,BAJA CALIFORNIA SUR,16
2020-05-29,BAJA CALIFORNIA SUR,18
2020-05-30,BAJA CALIFORNIA SUR,13
2020-05-31,BAJA CALIFORNIA SUR,8
2020-06-01,BAJA CALIFORNIA SUR,23
2020-06-02,BAJA CALIFORNIA SUR,6
2020-06-03,BAJA CALIFORNIA SUR,5
2020-06-04,BAJA CALIFORNIA SUR,0
2020-02-28,CAMPECHE,0
2020-02-29,CAMPECHE,0
2020-03-01,CAMPECHE,0
2020-03-02,CAMPECHE,0
2020-03-03,CAMPECHE,0
2020-03-04,CAMPECHE,0
2020-03-05,CAMPECHE,0
2020-03-06,CAMPECHE,0
2020-03-07,CAMPECHE,0
2020-03-08,CAMPECHE,1
2020-03-09,CAMPECHE,0
2020-03-10,CAMPECHE,0
2020-03-11,CAMPECHE,0
2020-03-12,CAMPECHE,1
2020-03-13,CAMPECHE,0
2020-03-14,CAMPECHE,1
2020-03-15,CAMPECHE,0
2020-03-16,CAMPECHE,0
2020-03-17,CAMPECHE,0
2020-03-18,CAMPECHE,0
2020-03-19,CAMPECHE,0
2020-03-20,CAMPECHE,0
2020-03-21,CAMPECHE,0
2020-03-22,CAMPECHE,0
2020-03-23,CAMPECHE,1
2020-03-24,CAMPECHE,0
2020-03-25,CAMPECHE,0
2020-03-26,CAMPECHE,1
2020-03-27,CAMPECHE,3
2020-03-28,CAMPECHE,0
2020-03-29,CAMPECHE,1
2020-03-30,CAMPECHE,0
2020-03-31,CAMPECHE,0
2020-04-01,CAMPECHE,0
2020-04-02,CAMPECHE,2
2020-04-03,CAMPECHE,1
2020-04-04,CAMPECHE,0
2020-04-05,CAMPECHE,3
2020-04-06,CAMPECHE,2
2020-04-07,CAMPECHE,0
2020-04-08,CAMPECHE,0
2020-04-09,CAMPECHE,2
2020-04-10,CAMPECHE,1
2020-04-11,CAMPECHE,5
2020-04-12,CAMPECHE,2
2020-04-13,CAMPECHE,2
2020-04-14,CAMPECHE,4
2020-04-15,CAMPECHE,3
2020-04-16,CAMPECHE,4
2020-04-17,CAMPECHE,3
2020-04-18,CAMPECHE,6
2020-04-19,CAMPECHE,2
2020-04-20,CAMPECHE,5
2020-04-21,CAMPECHE,7
2020-04-22,CAMPECHE,6
2020-04-23,CAMPECHE,7
2020-04-24,CAMPECHE,5
2020-04-25,CAMPECHE,6
2020-04-26,CAMPECHE,8
2020-04-27,CAMPECHE,4
2020-04-28,CAMPECHE,6
2020-04-29,CAMPECHE,8
2020-04-30,CAMPECHE,8
2020-05-01,CAMPECHE,6
2020-05-02,CAMPECHE,11
2020-05-03,CAMPECHE,12
2020-05-04,CAMPECHE,18
2020-05-05,CAMPECHE,9
2020-05-06,CAMPECHE,15
2020-05-07,CAMPECHE,11
2020-05-08,CAMPECHE,14
2020-05-09,CAMPECHE,13
2020-05-10,CAMPECHE,7
2020-05-11,CAMPECHE,24
2020-05-12,CAMPECHE,20
2020-05-13,CAMPECHE,16
2020-05-14,CAMPECHE,12
2020-05-15,CAMPECHE,14
2020-05-16,CAMPECHE,15
2020-05-17,CAMPECHE,17
2020-05-18,CAMPECHE,16
2020-05-19,CAMPECHE,21
2020-05-20,CAMPECHE,24
2020-05-21,CAMPECHE,16
2020-05-22,CAMPECHE,24
2020-05-23,CAMPECHE,16
2020-05-24,CAMPECHE,15
2020-05-25,CAMPECHE,34
2020-05-26,CAMPECHE,33
2020-05-27,CAMPECHE,27
2020-05-28,CAMPECHE,24
2020-05-29,CAMPECHE,17
2020-05-30,CAMPECHE,17
2020-05-31,CAMPECHE,5
2020-06-01,CAMPECHE,31
2020-06-02,CAMPECHE,4
2020-06-03,CAMPECHE,0
2020-06-04,CAMPECHE,0
2020-02-28,CHIAPAS,0
2020-02-29,CHIAPAS,1
2020-03-01,CHIAPAS,0
2020-03-02,CHIAPAS,0
2020-03-03,CHIAPAS,0
2020-03-04,CHIAPAS,0
2020-03-05,CHIAPAS,0
2020-03-06,CHIAPAS,0
2020-03-07,CHIAPAS,0
2020-03-08,CHIAPAS,0
2020-03-09,CHIAPAS,0
2020-03-10,CHIAPAS,0
2020-03-11,CHIAPAS,0
2020-03-12,CHIAPAS,0
2020-03-13,CHIAPAS,0
2020-03-14,CHIAPAS,0
2020-03-15,CHIAPAS,0
2020-03-16,CHIAPAS,0
2020-03-17,CHIAPAS,0
2020-03-18,CHIAPAS,1
2020-03-19,CHIAPAS,0
2020-03-20,CHIAPAS,0
2020-03-21,CHIAPAS,0
2020-03-22,CHIAPAS,0
2020-03-23,CHIAPAS,3
2020-03-24,CHIAPAS,0
2020-03-25,CHIAPAS,2
2020-03-26,CHIAPAS,0
2020-03-27,CHIAPAS,5
2020-03-28,CHIAPAS,1
2020-03-29,CHIAPAS,0
2020-03-30,CHIAPAS,2
2020-03-31,CHIAPAS,2
2020-04-01,CHIAPAS,4
2020-04-02,CHIAPAS,2
2020-04-03,CHIAPAS,5
2020-04-04,CHIAPAS,1
2020-04-05,CHIAPAS,1
2020-04-06,CHIAPAS,5
2020-04-07,CHIAPAS,2
2020-04-08,CHIAPAS,5
2020-04-09,CHIAPAS,3
2020-04-10,CHIAPAS,3
2020-04-11,CHIAPAS,1
2020-04-12,CHIAPAS,0
2020-04-13,CHIAPAS,5
2020-04-14,CHIAPAS,5
2020-04-15,CHIAPAS,6
2020-04-16,CHIAPAS,3
2020-04-17,CHIAPAS,10
2020-04-18,CHIAPAS,4
2020-04-19,CHIAPAS,7
2020-04-20,CHIAPAS,9
2020-04-21,CHIAPAS,9
2020-04-22,CHIAPAS,11
2020-04-23,CHIAPAS,15
2020-04-24,CHIAPAS,13
2020-04-25,CHIAPAS,9
2020-04-26,CHIAPAS,12
2020-04-27,CHIAPAS,21
2020-04-28,CHIAPAS,9
2020-04-29,CHIAPAS,18
2020-04-30,CHIAPAS,14
2020-05-01,CHIAPAS,18
2020-05-02,CHIAPAS,10
2020-05-03,CHIAPAS,14
2020-05-04,CHIAPAS,31
2020-05-05,CHIAPAS,27
2020-05-06,CHIAPAS,35
2020-05-07,CHIAPAS,34
2020-05-08,CHIAPAS,35
2020-05-09,CHIAPAS,22
2020-05-10,CHIAPAS,21
2020-05-11,CHIAPAS,33
2020-05-12,CHIAPAS,46
2020-05-13,CHIAPAS,67
2020-05-14,CHIAPAS,67
2020-05-15,CHIAPAS,81
2020-05-16,CHIAPAS,39
2020-05-17,CHIAPAS,35
2020-05-18,CHIAPAS,92
2020-05-19,CHIAPAS,64
2020-05-20,CHIAPAS,75
2020-05-21,CHIAPAS,104
2020-05-22,CHIAPAS,99
2020-05-23,CHIAPAS,51
2020-05-24,CHIAPAS,51
2020-05-25,CHIAPAS,138
2020-05-26,CHIAPAS,124
2020-05-27,CHIAPAS,110
2020-05-28,CHIAPAS,111
2020-05-29,CHIAPAS,110
2020-05-30,CHIAPAS,57
2020-05-31,CHIAPAS,47
2020-06-01,CHIAPAS,68
2020-06-02,CHIAPAS,13
2020-06-03,CHIAPAS,0
2020-06-04,CHIAPAS,0
2020-02-28,CHIHUAHUA,0
2020-02-29,CHIHUAHUA,0
2020-03-01,CHIHUAHUA,0
2020-03-02,CHIHUAHUA,0
2020-03-03,CHIHUAHUA,0
2020-03-04,CHIHUAHUA,0
2020-03-05,CHIHUAHUA,0
2020-03-06,CHIHUAHUA,0
2020-03-07,CHIHUAHUA,0
2020-03-08,CHIHUAHUA,0
2020-03-09,CHIHUAHUA,0
2020-03-10,CHIHUAHUA,0
2020-03-11,CHIHUAHUA,0
2020-03-12,CHIHUAHUA,0
2020-03-13,CHIHUAHUA,1
2020-03-14,CHIHUAHUA,1
2020-03-15,CHIHUAHUA,0
2020-03-16,CHIHUAHUA,0
2020-03-17,CHIHUAHUA,0
2020-03-18,CHIHUAHUA,1
2020-03-19,CHIHUAHUA,1
2020-03-20,CHIHUAHUA,3
2020-03-21,CHIHUAHUA,1
2020-03-22,CHIHUAHUA,1
2020-03-23,CHIHUAHUA,0
2020-03-24,CHIHUAHUA,1
2020-03-25,CHIHUAHUA,2
2020-03-26,CHIHUAHUA,2
2020-03-27,CHIHUAHUA,2
2020-03-28,CHIHUAHUA,2
2020-03-29,CHIHUAHUA,5
2020-03-30,CHIHUAHUA,3
2020-03-31,CHIHUAHUA,5
2020-04-01,CHIHUAHUA,7
2020-04-02,CHIHUAHUA,6
2020-04-03,CHIHUAHUA,5
2020-04-04,CHIHUAHUA,9
2020-04-05,CHIHUAHUA,12
2020-04-06,CHIHUAHUA,10
2020-04-07,CHIHUAHUA,7
2020-04-08,CHIHUAHUA,10
2020-04-09,CHIHUAHUA,7
2020-04-10,CHIHUAHUA,12
2020-04-11,CHIHUAHUA,12
2020-04-12,CHIHUAHUA,9
2020-04-13,CHIHUAHUA,17
2020-04-14,CHIHUAHUA,12
2020-04-15,CHIHUAHUA,17
2020-04-16,CHIHUAHUA,24
2020-04-17,CHIHUAHUA,16
2020-04-18,CHIHUAHUA,15
2020-04-19,CHIHUAHUA,16
2020-04-20,CHIHUAHUA,32
2020-04-21,CHIHUAHUA,26
2020-04-22,CHIHUAHUA,31
2020-04-23,CHIHUAHUA,48
2020-04-24,CHIHUAHUA,38
2020-04-25,CHIHUAHUA,26
2020-04-26,CHIHUAHUA,21
2020-04-27,CHIHUAHUA,50
2020-04-28,CHIHUAHUA,51
2020-04-29,CHIHUAHUA,57
2020-04-30,CHIHUAHUA,56
2020-05-01,CHIHUAHUA,38
2020-05-02,CHIHUAHUA,40
2020-05-03,CHIHUAHUA,25
2020-05-04,CHIHUAHUA,48
2020-05-05,CHIHUAHUA,57
2020-05-06,CHIHUAHUA,44
2020-05-07,CHIHUAHUA,34
2020-05-08,CHIHUAHUA,41
2020-05-09,CHIHUAHUA,31
2020-05-10,CHIHUAHUA,25
2020-05-11,CHIHUAHUA,58
2020-05-12,CHIHUAHUA,31
2020-05-13,CHIHUAHUA,60
2020-05-14,CHIHUAHUA,50
2020-05-15,CHIHUAHUA,42
2020-05-16,CHIHUAHUA,37
2020-05-17,CHIHUAHUA,26
2020-05-18,CHIHUAHUA,55
2020-05-19,CHIHUAHUA,44
2020-05-20,CHIHUAHUA,38
2020-05-21,CHIHUAHUA,38
2020-05-22,CHIHUAHUA,44
2020-05-23,CHIHUAHUA,21
2020-05-24,CHIHUAHUA,23
2020-05-25,CHIHUAHUA,39
2020-05-26,CHIHUAHUA,27
2020-05-27,CHIHUAHUA,23
2020-05-28,CHIHUAHUA,11
2020-05-29,CHIHUAHUA,22
2020-05-30,CHIHUAHUA,5
2020-05-31,CHIHUAHUA,4
2020-06-01,CHIHUAHUA,0
2020-06-02,CHIHUAHUA,0
2020-06-03,CHIHUAHUA,0
2020-06-04,CHIHUAHUA,0
2020-02-28,DISTRITO FEDERAL,0
2020-02-29,DISTRITO FEDERAL,0
2020-03-01,DISTRITO FEDERAL,0
2020-03-02,DISTRITO FEDERAL,1
2020-03-03,DISTRITO FEDERAL,0
2020-03-04,DISTRITO FEDERAL,0
2020-03-05,DISTRITO FEDERAL,1
2020-03-06,DISTRITO FEDERAL,0
2020-03-07,DISTRITO FEDERAL,1
2020-03-08,DISTRITO FEDERAL,1
2020-03-09,DISTRITO FEDERAL,0
2020-03-10,DISTRITO FEDERAL,3
2020-03-11,DISTRITO FEDERAL,12
2020-03-12,DISTRITO FEDERAL,17
2020-03-13,DISTRITO FEDERAL,24
2020-03-14,DISTRITO FEDERAL,21
2020-03-15,DISTRITO FEDERAL,10
2020-03-16,DISTRITO FEDERAL,26
2020-03-17,DISTRITO FEDERAL,34
2020-03-18,DISTRITO FEDERAL,31
2020-03-19,DISTRITO FEDERAL,39
2020-03-20,DISTRITO FEDERAL,24
2020-03-21,DISTRITO FEDERAL,12
2020-03-22,DISTRITO FEDERAL,11
2020-03-23,DISTRITO FEDERAL,25
2020-03-24,DISTRITO FEDERAL,34
2020-03-25,DISTRITO FEDERAL,25
2020-03-26,DISTRITO FEDERAL,51
2020-03-27,DISTRITO FEDERAL,39
2020-03-28,DISTRITO FEDERAL,49
2020-03-29,DISTRITO FEDERAL,35
2020-03-30,DISTRITO FEDERAL,77
2020-03-31,DISTRITO FEDERAL,51
2020-04-01,DISTRITO FEDERAL,55
2020-04-02,DISTRITO FEDERAL,71
2020-04-03,DISTRITO FEDERAL,79
2020-04-04,DISTRITO FEDERAL,56
2020-04-05,DISTRITO FEDERAL,54
2020-04-06,DISTRITO FEDERAL,117
2020-04-07,DISTRITO FEDERAL,127
2020-04-08,DISTRITO FEDERAL,125
2020-04-09,DISTRITO FEDERAL,127
2020-04-10,DISTRITO FEDERAL,147
2020-04-11,DISTRITO FEDERAL,112
2020-04-12,DISTRITO FEDERAL,115
2020-04-13,DISTRITO FEDERAL,267
2020-04-14,DISTRITO FEDERAL,246
2020-04-15,DISTRITO FEDERAL,225
2020-04-16,DISTRITO FEDERAL,248
2020-04-17,DISTRITO FEDERAL,327
2020-04-18,DISTRITO FEDERAL,198
2020-04-19,DISTRITO FEDERAL,186
2020-04-20,DISTRITO FEDERAL,439
2020-04-21,DISTRITO FEDERAL,429
2020-04-22,DISTRITO FEDERAL,398
2020-04-23,DISTRITO FEDERAL,342
2020-04-24,DISTRITO FEDERAL,503
2020-04-25,DISTRITO FEDERAL,243
2020-04-26,DISTRITO FEDERAL,221
2020-04-27,DISTRITO FEDERAL,477
2020-04-28,DISTRITO FEDERAL,533
2020-04-29,DISTRITO FEDERAL,561
2020-04-30,DISTRITO FEDERAL,512
2020-05-01,DISTRITO FEDERAL,322
2020-05-02,DISTRITO FEDERAL,321
2020-05-03,DISTRITO FEDERAL,285
2020-05-04,DISTRITO FEDERAL,701
2020-05-05,DISTRITO FEDERAL,575
2020-05-06,DISTRITO FEDERAL,672
2020-05-07,DISTRITO FEDERAL,673
2020-05-08,DISTRITO FEDERAL,769
2020-05-09,DISTRITO FEDERAL,379
2020-05-10,DISTRITO FEDERAL,329
2020-05-11,DISTRITO FEDERAL,753
2020-05-12,DISTRITO FEDERAL,770
2020-05-13,DISTRITO FEDERAL,847
2020-05-14,DISTRITO FEDERAL,739
2020-05-15,DISTRITO FEDERAL,833
2020-05-16,DISTRITO FEDERAL,486
2020-05-17,DISTRITO FEDERAL,341
2020-05-18,DISTRITO FEDERAL,935
2020-05-19,DISTRITO FEDERAL,915
2020-05-20,DISTRITO FEDERAL,911
2020-05-21,DISTRITO FEDERAL,881
2020-05-22,DISTRITO FEDERAL,779
2020-05-23,DISTRITO FEDERAL,372
2020-05-24,DISTRITO FEDERAL,282
2020-05-25,DISTRITO FEDERAL,896
2020-05-26,DISTRITO FEDERAL,766
2020-05-27,DISTRITO FEDERAL,841
2020-05-28,DISTRITO FEDERAL,686
2020-05-29,DISTRITO FEDERAL,706
2020-05-30,DISTRITO FEDERAL,330
2020-05-31,DISTRITO FEDERAL,210
2020-06-01,DISTRITO FEDERAL,599
2020-06-02,DISTRITO FEDERAL,233
2020-06-03,DISTRITO FEDERAL,55
2020-06-04,DISTRITO FEDERAL,0
2020-02-28,COAHUILA,1
2020-02-29,COAHUILA,0
2020-03-01,COAHUILA,0
2020-03-02,COAHUILA,0
2020-03-03,COAHUILA,0
2020-03-04,COAHUILA,0
2020-03-05,COAHUILA,0
2020-03-06,COAHUILA,0
2020-03-07,COAHUILA,0
2020-03-08,COAHUILA,0
2020-03-09,COAHUILA,0
2020-03-10,COAHUILA,0
2020-03-11,COAHUILA,2
2020-03-12,COAHUILA,0
2020-03-13,COAHUILA,0
2020-03-14,COAHUILA,0
2020-03-15,COAHUILA,0
2020-03-16,COAHUILA,1
2020-03-17,COAHUILA,2
2020-03-18,COAHUILA,2
2020-03-19,COAHUILA,3
2020-03-20,COAHUILA,4
2020-03-21,COAHUILA,0
2020-03-22,COAHUILA,0
2020-03-23,COAHUILA,1
2020-03-24,COAHUILA,6
2020-03-25,COAHUILA,0
2020-03-26,COAHUILA,3
2020-03-27,COAHUILA,4
2020-03-28,COAHUILA,4
2020-03-29,COAHUILA,8
2020-03-30,COAHUILA,18
2020-03-31,COAHUILA,14
2020-04-01,COAHUILA,17
2020-04-02,COAHUILA,18
2020-04-03,COAHUILA,22
2020-04-04,COAHUILA,11
2020-04-05,COAHUILA,4
2020-04-06,COAHUILA,26
2020-04-07,COAHUILA,8
2020-04-08,COAHUILA,18
2020-04-09,COAHUILA,7
2020-04-10,COAHUILA,11
2020-04-11,COAHUILA,7
2020-04-12,COAHUILA,6
2020-04-13,COAHUILA,15
2020-04-14,COAHUILA,16
2020-04-15,COAHUILA,16
2020-04-16,COAHUILA,4
2020-04-17,COAHUILA,9
2020-04-18,COAHUILA,7
2020-04-19,COAHUILA,9
2020-04-20,COAHUILA,9
2020-04-21,COAHUILA,19
2020-04-22,COAHUILA,14
2020-04-23,COAHUILA,10
2020-04-24,COAHUILA,13
2020-04-25,COAHUILA,3
2020-04-26,COAHUILA,4
2020-04-27,COAHUILA,24
2020-04-28,COAHUILA,16
2020-04-29,COAHUILA,13
2020-04-30,COAHUILA,21
2020-05-01,COAHUILA,15
2020-05-02,COAHUILA,5
2020-05-03,COAHUILA,5
2020-05-04,COAHUILA,26
2020-05-05,COAHUILA,31
2020-05-06,COAHUILA,36
2020-05-07,COAHUILA,24
2020-05-08,COAHUILA,17
2020-05-09,COAHUILA,9
2020-05-10,COAHUILA,14
2020-05-11,COAHUILA,27
2020-05-12,COAHUILA,27
2020-05-13,COAHUILA,12
2020-05-14,COAHUILA,23
2020-05-15,COAHUILA,19
2020-05-16,COAHUILA,8
2020-05-17,COAHUILA,12
2020-05-18,COAHUILA,46
2020-05-19,COAHUILA,37
2020-05-20,COAHUILA,38
2020-05-21,COAHUILA,57
2020-05-22,COAHUILA,37
2020-05-23,COAHUILA,28
2020-05-24,COAHUILA,13
2020-05-25,COAHUILA,34
2020-05-26,COAHUILA,44
2020-05-27,COAHUILA,57
2020-05-28,COAHUILA,45
2020-05-29,COAHUILA,59
2020-05-30,COAHUILA,16
2020-05-31,COAHUILA,11
2020-06-01,COAHUILA,17
2020-06-02,COAHUILA,5
2020-06-03,COAHUILA,2
2020-06-04,COAHUILA,0
2020-02-28,COLIMA,0
2020-02-29,COLIMA,0
2020-03-01,COLIMA,0
2020-03-02,COLIMA,0
2020-03-03,COLIMA,0
2020-03-04,COLIMA,0
2020-03-05,COLIMA,0
2020-03-06,COLIMA,0
2020-03-07,COLIMA,0
2020-03-08,COLIMA,0
2020-03-09,COLIMA,0
2020-03-10,COLIMA,0
2020-03-11,COLIMA,0
2020-03-12,COLIMA,0
2020-03-13,COLIMA,0
2020-03-14,COLIMA,1
2020-03-15,COLIMA,0
2020-03-16,COLIMA,1
2020-03-17,COLIMA,0
2020-03-18,COLIMA,0
2020-03-19,COLIMA,0
2020-03-20,COLIMA,0
2020-03-21,COLIMA,0
2020-03-22,COLIMA,0
2020-03-23,COLIMA,0
2020-03-24,COLIMA,1
2020-03-25,COLIMA,0
2020-03-26,COLIMA,0
2020-03-27,COLIMA,0
2020-03-28,COLIMA,0
2020-03-29,COLIMA,0
2020-03-30,COLIMA,1
2020-03-31,COLIMA,1
2020-04-01,COLIMA,2
2020-04-02,COLIMA,0
2020-04-03,COLIMA,0
2020-04-04,COLIMA,0
2020-04-05,COLIMA,0
2020-04-06,COLIMA,0
2020-04-07,COLIMA,0
2020-04-08,COLIMA,0
2020-04-09,COLIMA,0
2020-04-10,COLIMA,0
2020-04-11,COLIMA,1
2020-04-12,COLIMA,2
2020-04-13,COLIMA,0
2020-04-14,COLIMA,0
2020-04-15,COLIMA,1
2020-04-16,COLIMA,2
2020-04-17,COLIMA,2
2020-04-18,COLIMA,1
2020-04-19,COLIMA,1
2020-04-20,COLIMA,1
2020-04-21,COLIMA,1
2020-04-22,COLIMA,1
2020-04-23,COLIMA,3
2020-04-24,COLIMA,2
2020-04-25,COLIMA,1
2020-04-26,COLIMA,0
2020-04-27,COLIMA,2
2020-04-28,COLIMA,0
2020-04-29,COLIMA,0
2020-04-30,COLIMA,3
2020-05-01,COLIMA,1
2020-05-02,COLIMA,0
2020-05-03,COLIMA,2
2020-05-04,COLIMA,3
2020-05-05,COLIMA,5
2020-05-06,COLIMA,1
2020-05-07,COLIMA,1
2020-05-08,COLIMA,2
2020-05-09,COLIMA,3
2020-05-10,COLIMA,1
2020-05-11,COLIMA,2
2020-05-12,COLIMA,6
2020-05-13,COLIMA,4
2020-05-14,COLIMA,12
2020-05-15,COLIMA,4
2020-05-16,COLIMA,3
2020-05-17,COLIMA,5
2020-05-18,COLIMA,7
2020-05-19,COLIMA,7
2020-05-20,COLIMA,8
2020-05-21,COLIMA,4
2020-05-22,COLIMA,7
2020-05-23,COLIMA,4
2020-05-24,COLIMA,6
2020-05-25,COLIMA,7
2020-05-26,COLIMA,7
2020-05-27,COLIMA,4
2020-05-28,COLIMA,7
2020-05-29,COLIMA,7
2020-05-30,COLIMA,4
2020-05-31,COLIMA,0
2020-06-01,COLIMA,7
2020-06-02,COLIMA,8
2020-06-03,COLIMA,0
2020-06-04,COLIMA,0
2020-02-28,DURANGO,0
2020-02-29,DURANGO,0
2020-03-01,DURANGO,0
2020-03-02,DURANGO,0
2020-03-03,DURANGO,0
2020-03-04,DURANGO,0
2020-03-05,DURANGO,0
2020-03-06,DURANGO,0
2020-03-07,DURANGO,0
2020-03-08,DURANGO,0
2020-03-09,DURANGO,0
2020-03-10,DURANGO,0
2020-03-11,DURANGO,1
2020-03-12,DURANGO,0
2020-03-13,DURANGO,1
2020-03-14,DURANGO,1
2020-03-15,DURANGO,0
2020-03-16,DURANGO,0
2020-03-17,DURANGO,1
2020-03-18,DURANGO,1
2020-03-19,DURANGO,0
2020-03-20,DURANGO,0
2020-03-21,DURANGO,1
2020-03-22,DURANGO,0
2020-03-23,DURANGO,1
2020-03-24,DURANGO,1
2020-03-25,DURANGO,1
2020-03-26,DURANGO,0
2020-03-27,DURANGO,0
2020-03-28,DURANGO,0
2020-03-29,DURANGO,0
2020-03-30,DURANGO,2
2020-03-31,DURANGO,2
2020-04-01,DURANGO,1
2020-04-02,DURANGO,0
2020-04-03,DURANGO,0
2020-04-04,DURANGO,0
2020-04-05,DURANGO,0
2020-04-06,DURANGO,1
2020-04-07,DURANGO,0
2020-04-08,DURANGO,0
2020-04-09,DURANGO,1
2020-04-10,DURANGO,0
2020-04-11,DURANGO,1
2020-04-12,DURANGO,0
2020-04-13,DURANGO,0
2020-04-14,DURANGO,0
2020-04-15,DURANGO,2
2020-04-16,DURANGO,2
2020-04-17,DURANGO,0
2020-04-18,DURANGO,2
2020-04-19,DURANGO,10
2020-04-20,DURANGO,4
2020-04-21,DURANGO,4
2020-04-22,DURANGO,2
2020-04-23,DURANGO,2
2020-04-24,DURANGO,2
2020-04-25,DURANGO,5
2020-04-26,DURANGO,8
2020-04-27,DURANGO,5
2020-04-28,DURANGO,3
2020-04-29,DURANGO,8
2020-04-30,DURANGO,2
2020-05-01,DURANGO,6
2020-05-02,DURANGO,6
2020-05-03,DURANGO,7
2020-05-04,DURANGO,3
2020-05-05,DURANGO,3
2020-05-06,DURANGO,5
2020-05-07,DURANGO,11
2020-05-08,DURANGO,10
2020-05-09,DURANGO,2
2020-05-10,DURANGO,1
2020-05-11,DURANGO,6
2020-05-12,DURANGO,11
2020-05-13,DURANGO,10
2020-05-14,DURANGO,7
2020-05-15,DURANGO,13
2020-05-16,DURANGO,1
2020-05-17,DURANGO,8
2020-05-18,DURANGO,8
2020-05-19,DURANGO,7
2020-05-20,DURANGO,20
2020-05-21,DURANGO,18
2020-05-22,DURANGO,22
2020-05-23,DURANGO,3
2020-05-24,DURANGO,13
2020-05-25,DURANGO,23
2020-05-26,DURANGO,19
2020-05-27,DURANGO,26
2020-05-28,DURANGO,19
2020-05-29,DURANGO,32
2020-05-30,DURANGO,31
2020-05-31,DURANGO,11
2020-06-01,DURANGO,34
2020-06-02,DURANGO,23
2020-06-03,DURANGO,1
2020-06-04,DURANGO,0
2020-02-28,GUANAJUATO,0
2020-02-29,GUANAJUATO,0
2020-03-01,GUANAJUATO,0
2020-03-02,GUANAJUATO,0
2020-03-03,GUANAJUATO,0
2020-03-04,GUANAJUATO,0
2020-03-05,GUANAJUATO,0
2020-03-06,GUANAJUATO,0
2020-03-07,GUANAJUATO,0
2020-03-08,GUANAJUATO,0
2020-03-09,GUANAJUATO,0
2020-03-10,GUANAJUATO,0
2020-03-11,GUANAJUATO,0
2020-03-12,GUANAJUATO,0
2020-03-13,GUANAJUATO,1
2020-03-14,GUANAJUATO,0
2020-03-15,GUANAJUATO,2
2020-03-16,GUANAJUATO,2
2020-03-17,GUANAJUATO,0
2020-03-18,GUANAJUATO,1
2020-03-19,GUANAJUATO,1
2020-03-20,GUANAJUATO,4
2020-03-21,GUANAJUATO,11
2020-03-22,GUANAJUATO,1
2020-03-23,GUANAJUATO,6
2020-03-24,GUANAJUATO,1
2020-03-25,GUANAJUATO,4
2020-03-26,GUANAJUATO,6
2020-03-27,GUANAJUATO,5
2020-03-28,GUANAJUATO,4
2020-03-29,GUANAJUATO,1
2020-03-30,GUANAJUATO,4
2020-03-31,GUANAJUATO,2
2020-04-01,GUANAJUATO,1
2020-04-02,GUANAJUATO,2
2020-04-03,GUANAJUATO,5
2020-04-04,GUANAJUATO,3
2020-04-05,GUANAJUATO,3
2020-04-06,GUANAJUATO,7
2020-04-07,GUANAJUATO,6
2020-04-08,GUANAJUATO,8
2020-04-09,GUANAJUATO,2
2020-04-10,GUANAJUATO,2
2020-04-11,GUANAJUATO,4
2020-04-12,GUANAJUATO,1
2020-04-13,GUANAJUATO,4
2020-04-14,GUANAJUATO,4
2020-04-15,GUANAJUATO,13
2020-04-16,GUANAJUATO,14
2020-04-17,GUANAJUATO,29
2020-04-18,GUANAJUATO,10
2020-04-19,GUANAJUATO,10
2020-04-20,GUANAJUATO,14
2020-04-21,GUANAJUATO,10
2020-04-22,GUANAJUATO,13
2020-04-23,GUANAJUATO,9
2020-04-24,GUANAJUATO,12
2020-04-25,GUANAJUATO,11
2020-04-26,GUANAJUATO,7
2020-04-27,GUANAJUATO,26
2020-04-28,GUANAJUATO,17
2020-04-29,GUANAJUATO,14
2020-04-30,GUANAJUATO,16
2020-05-01,GUANAJUATO,14
2020-05-02,GUANAJUATO,9
2020-05-03,GUANAJUATO,11
2020-05-04,GUANAJUATO,33
2020-05-05,GUANAJUATO,23
2020-05-06,GUANAJUATO,29
2020-05-07,GUANAJUATO,37
2020-05-08,GUANAJUATO,43
2020-05-09,GUANAJUATO,27
2020-05-10,GUANAJUATO,22
2020-05-11,GUANAJUATO,40
2020-05-12,GUANAJUATO,52
2020-05-13,GUANAJUATO,41
2020-05-14,GUANAJUATO,52
2020-05-15,GUANAJUATO,38
2020-05-16,GUANAJUATO,33
2020-05-17,GUANAJUATO,20
2020-05-18,GUANAJUATO,55
2020-05-19,GUANAJUATO,70
2020-05-20,GUANAJUATO,57
2020-05-21,GUANAJUATO,61
2020-05-22,GUANAJUATO,53
2020-05-23,GUANAJUATO,52
2020-05-24,GUANAJUATO,21
2020-05-25,GUANAJUATO,113
2020-05-26,GUANAJUATO,92
2020-05-27,GUANAJUATO,99
2020-05-28,GUANAJUATO,133
2020-05-29,GUANAJUATO,128
2020-05-30,GUANAJUATO,81
2020-05-31,GUANAJUATO,42
2020-06-01,GUANAJUATO,124
2020-06-02,GUANAJUATO,86
2020-06-03,GUANAJUATO,11
2020-06-04,GUANAJUATO,0
2020-02-28,GUERRERO,0
2020-02-29,GUERRERO,0
2020-03-01,GUERRERO,0
2020-03-02,GUERRERO,0
2020-03-03,GUERRERO,0
2020-03-04,GUERRERO,0
2020-03-05,GUERRERO,0
2020-03-06,GUERRERO,0
2020-03-07,GUERRERO,0
2020-03-08,GUERRERO,0
2020-03-09,GUERRERO,0
2020-03-10,GUERRERO,0
2020-03-11,GUERRERO,0
2020-03-12,GUERRERO,0
2020-03-13,GUERRERO,2
2020-03-14,GUERRERO,0
2020-03-15,GUERRERO,0
2020-03-16,GUERRERO,2
2020-03-17,GUERRERO,5
2020-03-18,GUERRERO,1
2020-03-19,GUERRERO,0
2020-03-20,GUERRERO,0
2020-03-21,GUERRERO,1
2020-03-22,GUERRERO,0
2020-03-23,GUERRERO,1
2020-03-24,GUERRERO,0
2020-03-25,GUERRERO,3
2020-03-26,GUERRERO,4
2020-03-27,GUERRERO,3
2020-03-28,GUERRERO,3
2020-03-29,GUERRERO,1
2020-03-30,GUERRERO,2
2020-03-31,GUERRERO,4
2020-04-01,GUERRERO,3
2020-04-02,GUERRERO,1
2020-04-03,GUERRERO,1
2020-04-04,GUERRERO,2
2020-04-05,GUERRERO,3
2020-04-06,GUERRERO,8
2020-04-07,GUERRERO,11
2020-04-08,GUERRERO,6
2020-04-09,GUERRERO,7
2020-04-10,GUERRERO,5
2020-04-11,GUERRERO,5
2020-04-12,GUERRERO,12
2020-04-13,GUERRERO,17
2020-04-14,GUERRERO,7
2020-04-15,GUERRERO,4
2020-04-16,GUERRERO,11
2020-04-17,GUERRERO,13
2020-04-18,GUERRERO,8
2020-04-19,GUERRERO,6
2020-04-20,GUERRERO,16
2020-04-21,GUERRERO,7
2020-04-22,GUERRERO,13
2020-04-23,GUERRERO,19
2020-04-24,GUERRERO,25
2020-04-25,GUERRERO,13
2020-04-26,GUERRERO,18
2020-04-27,GUERRERO,26
2020-04-28,GUERRERO,26
2020-04-29,GUERRERO,31
2020-04-30,GUERRERO,18
2020-05-01,GUERRERO,13
2020-05-02,GUERRERO,39
2020-05-03,GUERRERO,28
2020-05-04,GUERRERO,52
2020-05-05,GUERRERO,28
2020-05-06,GUERRERO,45
2020-05-07,GUERRERO,36
2020-05-08,GUERRERO,40
2020-05-09,GUERRERO,34
2020-05-10,GUERRERO,33
2020-05-11,GUERRERO,45
2020-05-12,GUERRERO,56
2020-05-13,GUERRERO,46
2020-05-14,GUERRERO,67
2020-05-15,GUERRERO,56
2020-05-16,GUERRERO,50
2020-05-17,GUERRERO,40
2020-05-18,GUERRERO,124
2020-05-19,GUERRERO,107
2020-05-20,GUERRERO,140
2020-05-21,GUERRERO,133
2020-05-22,GUERRERO,118
2020-05-23,GUERRERO,60
2020-05-24,GUERRERO,65
2020-05-25,GUERRERO,114
2020-05-26,GUERRERO,93
2020-05-27,GUERRERO,64
2020-05-28,GUERRERO,46
2020-05-29,GUERRERO,2
2020-05-30,GUERRERO,3
2020-05-31,GUERRERO,1
2020-06-01,GUERRERO,3
2020-06-02,GUERRERO,2
2020-06-03,GUERRERO,1
2020-06-04,GUERRERO,0
2020-02-28,HIDALGO,0
2020-02-29,HIDALGO,0
2020-03-01,HIDALGO,0
2020-03-02,HIDALGO,0
2020-03-03,HIDALGO,0
2020-03-04,HIDALGO,0
2020-03-05,HIDALGO,0
2020-03-06,HIDALGO,0
2020-03-07,HIDALGO,0
2020-03-08,HIDALGO,0
2020-03-09,HIDALGO,0
2020-03-10,HIDALGO,0
2020-03-11,HIDALGO,0
2020-03-12,HIDALGO,0
2020-03-13,HIDALGO,0
2020-03-14,HIDALGO,0
2020-03-15,HIDALGO,1
2020-03-16,HIDALGO,0
2020-03-17,HIDALGO,2
2020-03-18,HIDALGO,0
2020-03-19,HIDALGO,0
2020-03-20,HIDALGO,3
2020-03-21,HIDALGO,3
2020-03-22,HIDALGO,0
2020-03-23,HIDALGO,1
2020-03-24,HIDALGO,1
2020-03-25,HIDALGO,5
2020-03-26,HIDALGO,4
2020-03-27,HIDALGO,4
2020-03-28,HIDALGO,0
2020-03-29,HIDALGO,2
2020-03-30,HIDALGO,7
2020-03-31,HIDALGO,7
2020-04-01,HIDALGO,5
2020-04-02,HIDALGO,1
2020-04-03,HIDALGO,3
2020-04-04,HIDALGO,2
2020-04-05,HIDALGO,2
2020-04-06,HIDALGO,3
2020-04-07,HIDALGO,3
2020-04-08,HIDALGO,1
2020-04-09,HIDALGO,0
2020-04-10,HIDALGO,7
2020-04-11,HIDALGO,3
2020-04-12,HIDALGO,4
2020-04-13,HIDALGO,7
2020-04-14,HIDALGO,9
2020-04-15,HIDALGO,4
2020-04-16,HIDALGO,5
2020-04-17,HIDALGO,9
2020-04-18,HIDALGO,6
2020-04-19,HIDALGO,14
2020-04-20,HIDALGO,16
2020-04-21,HIDALGO,11
2020-04-22,HIDALGO,15
2020-04-23,HIDALGO,19
2020-04-24,HIDALGO,18
2020-04-25,HIDALGO,24
2020-04-26,HIDALGO,18
2020-04-27,HIDALGO,23
2020-04-28,HIDALGO,22
2020-04-29,HIDALGO,26
2020-04-30,HIDALGO,31
2020-05-01,HIDALGO,26
2020-05-02,HIDALGO,21
2020-05-03,HIDALGO,28
2020-05-04,HIDALGO,33
2020-05-05,HIDALGO,29
2020-05-06,HIDALGO,40
2020-05-07,HIDALGO,37
2020-05-08,HIDALGO,32
2020-05-09,HIDALGO,23
2020-05-10,HIDALGO,24
2020-05-11,HIDALGO,49
2020-05-12,HIDALGO,55
2020-05-13,HIDALGO,45
2020-05-14,HIDALGO,67
2020-05-15,HIDALGO,78
2020-05-16,HIDALGO,51
2020-05-17,HIDALGO,26
2020-05-18,HIDALGO,81
2020-05-19,HIDALGO,71
2020-05-20,HIDALGO,74
2020-05-21,HIDALGO,95
2020-05-22,HIDALGO,75
2020-05-23,HIDALGO,45
2020-05-24,HIDALGO,40
2020-05-25,HIDALGO,82
2020-05-26,HIDALGO,69
2020-05-27,HIDALGO,76
2020-05-28,HIDALGO,94
2020-05-29,HIDALGO,67
2020-05-30,HIDALGO,42
2020-05-31,HIDALGO,29
2020-06-01,HIDALGO,67
2020-06-02,HIDALGO,36
2020-06-03,HIDALGO,18
2020-06-04,HIDALGO,0
2020-02-28,JALISCO,0
2020-02-29,JALISCO,0
2020-03-01,JALISCO,0
2020-03-02,JALISCO,0
2020-03-03,JALISCO,0
2020-03-04,JALISCO,0
2020-03-05,JALISCO,0
2020-03-06,JALISCO,0
2020-03-07,JALISCO,0
2020-03-08,JALISCO,0
2020-03-09,JALISCO,0
2020-03-10,JALISCO,0
2020-03-11,JALISCO,1
2020-03-12,JALISCO,3
2020-03-13,JALISCO,3
2020-03-14,JALISCO,5
2020-03-15,JALISCO,2
2020-03-16,JALISCO,12
2020-03-17,JALISCO,6
2020-03-18,JALISCO,17
2020-03-19,JALISCO,10
2020-03-20,JALISCO,5
2020-03-21,JALISCO,1
2020-03-22,JALISCO,3
2020-03-23,JALISCO,8
2020-03-24,JALISCO,7
2020-03-25,JALISCO,7
2020-03-26,JALISCO,6
2020-03-27,JALISCO,7
2020-03-28,JALISCO,2
2020-03-29,JALISCO,2
2020-03-30,JALISCO,7
2020-03-31,JALISCO,7
2020-04-01,JALISCO,2
2020-04-02,JALISCO,8
2020-04-03,JALISCO,10
2020-04-04,JALISCO,2
2020-04-05,JALISCO,2
2020-04-06,JALISCO,3
2020-04-07,JALISCO,6
2020-04-08,JALISCO,9
2020-04-09,JALISCO,5
2020-04-10,JALISCO,8
2020-04-11,JALISCO,5
2020-04-12,JALISCO,5
2020-04-13,JALISCO,10
2020-04-14,JALISCO,4
2020-04-15,JALISCO,11
2020-04-16,JALISCO,8
2020-04-17,JALISCO,14
2020-04-18,JALISCO,7
2020-04-19,JALISCO,3
2020-04-20,JALISCO,9
2020-04-21,JALISCO,16
2020-04-22,JALISCO,25
2020-04-23,JALISCO,19
2020-04-24,JALISCO,32
2020-04-25,JALISCO,9
2020-04-26,JALISCO,9
2020-04-27,JALISCO,22
2020-04-28,JALISCO,14
2020-04-29,JALISCO,21
2020-04-30,JALISCO,26
2020-05-01,JALISCO,15
2020-05-02,JALISCO,27
2020-05-03,JALISCO,16
2020-05-04,JALISCO,27
2020-05-05,JALISCO,20
2020-05-06,JALISCO,25
2020-05-07,JALISCO,49
2020-05-08,JALISCO,26
2020-05-09,JALISCO,28
2020-05-10,JALISCO,21
2020-05-11,JALISCO,49
2020-05-12,JALISCO,37
2020-05-13,JALISCO,29
2020-05-14,JALISCO,56
2020-05-15,JALISCO,62
2020-05-16,JALISCO,17
2020-05-17,JALISCO,30
2020-05-18,JALISCO,54
2020-05-19,JALISCO,71
2020-05-20,JALISCO,58
2020-05-21,JALISCO,61
2020-05-22,JALISCO,73
2020-05-23,JALISCO,40
2020-05-24,JALISCO,35
2020-05-25,JALISCO,85
2020-05-26,JALISCO,123
2020-05-27,JALISCO,135
2020-05-28,JALISCO,109
2020-05-29,JALISCO,144
2020-05-30,JALISCO,117
2020-05-31,JALISCO,56
2020-06-01,JALISCO,138
2020-06-02,JALISCO,8
2020-06-03,JALISCO,3
2020-06-04,JALISCO,0
2020-02-28,MEXICO,1
2020-02-29,MEXICO,0
2020-03-01,MEXICO,0
2020-03-02,MEXICO,1
2020-03-03,MEXICO,0
2020-03-04,MEXICO,2
2020-03-05,MEXICO,0
2020-03-06,MEXICO,0
2020-03-07,MEXICO,0
2020-03-08,MEXICO,2
2020-03-09,MEXICO,1
2020-03-10,MEXICO,2
2020-03-11,MEXICO,2
2020-03-12,MEXICO,3
2020-03-13,MEXICO,12
2020-03-14,MEXICO,4
2020-03-15,MEXICO,10
2020-03-16,MEXICO,6
2020-03-17,MEXICO,7
2020-03-18,MEXICO,6
2020-03-19,MEXICO,12
2020-03-20,MEXICO,10
2020-03-21,MEXICO,5
2020-03-22,MEXICO,5
2020-03-23,MEXICO,14
2020-03-24,MEXICO,23
2020-03-25,MEXICO,25
2020-03-26,MEXICO,28
2020-03-27,MEXICO,43
2020-03-28,MEXICO,27
2020-03-29,MEXICO,18
2020-03-30,MEXICO,50
2020-03-31,MEXICO,33
2020-04-01,MEXICO,50
2020-04-02,MEXICO,48
2020-04-03,MEXICO,49
2020-04-04,MEXICO,34
2020-04-05,MEXICO,40
2020-04-06,MEXICO,82
2020-04-07,MEXICO,71
2020-04-08,MEXICO,88
2020-04-09,MEXICO,56
2020-04-10,MEXICO,88
2020-04-11,MEXICO,76
2020-04-12,MEXICO,85
2020-04-13,MEXICO,152
2020-04-14,MEXICO,159
2020-04-15,MEXICO,175
2020-04-16,MEXICO,181
2020-04-17,MEXICO,154
2020-04-18,MEXICO,159
2020-04-19,MEXICO,153
2020-04-20,MEXICO,255
2020-04-21,MEXICO,269
2020-04-22,MEXICO,244
2020-04-23,MEXICO,255
2020-04-24,MEXICO,302
2020-04-25,MEXICO,188
2020-04-26,MEXICO,196
2020-04-27,MEXICO,328
2020-04-28,MEXICO,321
2020-04-29,MEXICO,306
2020-04-30,MEXICO,286
2020-05-01,MEXICO,252
2020-05-02,MEXICO,218
2020-05-03,MEXICO,222
2020-05-04,MEXICO,468
2020-05-05,MEXICO,316
2020-05-06,MEXICO,310
2020-05-07,MEXICO,403
2020-05-08,MEXICO,399
2020-05-09,MEXICO,230
2020-05-10,MEXICO,198
2020-05-11,MEXICO,526
2020-05-12,MEXICO,481
2020-05-13,MEXICO,516
2020-05-14,MEXICO,436
2020-05-15,MEXICO,462
2020-05-16,MEXICO,251
2020-05-17,MEXICO,254
2020-05-18,MEXICO,542
2020-05-19,MEXICO,433
2020-05-20,MEXICO,477
2020-05-21,MEXICO,510
2020-05-22,MEXICO,529
2020-05-23,MEXICO,212
2020-05-24,MEXICO,271
2020-05-25,MEXICO,641
2020-05-26,MEXICO,513
2020-05-27,MEXICO,561
2020-05-28,MEXICO,455
2020-05-29,MEXICO,394
2020-05-30,MEXICO,138
2020-05-31,MEXICO,74
2020-06-01,MEXICO,175
2020-06-02,MEXICO,65
2020-06-03,MEXICO,17
2020-06-04,MEXICO,7
2020-02-28,MICHOACAN,0
2020-02-29,MICHOACAN,0
2020-03-01,MICHOACAN,0
2020-03-02,MICHOACAN,0
2020-03-03,MICHOACAN,0
2020-03-04,MICHOACAN,0
2020-03-05,MICHOACAN,0
2020-03-06,MICHOACAN,0
2020-03-07,MICHOACAN,0
2020-03-08,MICHOACAN,0
2020-03-09,MICHOACAN,0
2020-03-10,MICHOACAN,0
2020-03-11,MICHOACAN,0
2020-03-12,MICHOACAN,0
2020-03-13,MICHOACAN,0
2020-03-14,MICHOACAN,0
2020-03-15,MICHOACAN,0
2020-03-16,MICHOACAN,0
2020-03-17,MICHOACAN,0
2020-03-18,MICHOACAN,1
2020-03-19,MICHOACAN,1
2020-03-20,MICHOACAN,2
2020-03-21,MICHOACAN,5
2020-03-22,MICHOACAN,0
2020-03-23,MICHOACAN,3
2020-03-24,MICHOACAN,3
2020-03-25,MICHOACAN,2
2020-03-26,MICHOACAN,3
2020-03-27,MICHOACAN,1
2020-03-28,MICHOACAN,1
2020-03-29,MICHOACAN,3
2020-03-30,MICHOACAN,0
2020-03-31,MICHOACAN,4
2020-04-01,MICHOACAN,4
2020-04-02,MICHOACAN,1
2020-04-03,MICHOACAN,6
2020-04-04,MICHOACAN,2
2020-04-05,MICHOACAN,2
2020-04-06,MICHOACAN,6
2020-04-07,MICHOACAN,6
2020-04-08,MICHOACAN,4
2020-04-09,MICHOACAN,9
2020-04-10,MICHOACAN,3
2020-04-11,MICHOACAN,2
2020-04-12,MICHOACAN,4
2020-04-13,MICHOACAN,12
2020-04-14,MICHOACAN,16
2020-04-15,MICHOACAN,9
2020-04-16,MICHOACAN,8
2020-04-17,MICHOACAN,14
2020-04-18,MICHOACAN,7
2020-04-19,MICHOACAN,8
2020-04-20,MICHOACAN,28
2020-04-21,MICHOACAN,12
2020-04-22,MICHOACAN,12
2020-04-23,MICHOACAN,19
2020-04-24,MICHOACAN,22
2020-04-25,MICHOACAN,27
2020-04-26,MICHOACAN,20
2020-04-27,MICHOACAN,32
2020-04-28,MICHOACAN,29
2020-04-29,MICHOACAN,23
2020-04-30,MICHOACAN,26
2020-05-01,MICHOACAN,24
2020-05-02,MICHOACAN,16
2020-05-03,MICHOACAN,27
2020-05-04,MICHOACAN,42
2020-05-05,MICHOACAN,20
2020-05-06,MICHOACAN,34
2020-05-07,MICHOACAN,29
2020-05-08,MICHOACAN,43
2020-05-09,MICHOACAN,44
2020-05-10,MICHOACAN,26
2020-05-11,MICHOACAN,69
2020-05-12,MICHOACAN,58
2020-05-13,MICHOACAN,100
2020-05-14,MICHOACAN,77
2020-05-15,MICHOACAN,102
2020-05-16,MICHOACAN,44
2020-05-17,MICHOACAN,27
2020-05-18,MICHOACAN,66
2020-05-19,MICHOACAN,67
2020-05-20,MICHOACAN,99
2020-05-21,MICHOACAN,78
2020-05-22,MICHOACAN,97
2020-05-23,MICHOACAN,20
2020-05-24,MICHOACAN,34
2020-05-25,MICHOACAN,115
2020-05-26,MICHOACAN,101
2020-05-27,MICHOACAN,86
2020-05-28,MICHOACAN,105
2020-05-29,MICHOACAN,102
2020-05-30,MICHOACAN,21
2020-05-31,MICHOACAN,24
2020-06-01,MICHOACAN,12
2020-06-02,MICHOACAN,1
2020-06-03,MICHOACAN,1
2020-06-04,MICHOACAN,0
2020-02-28,MORELOS,0
2020-02-29,MORELOS,0
2020-03-01,MORELOS,0
2020-03-02,MORELOS,0
2020-03-03,MORELOS,0
2020-03-04,MORELOS,0
2020-03-05,MORELOS,0
2020-03-06,MORELOS,0
2020-03-07,MORELOS,0
2020-03-08,MORELOS,0
2020-03-09,MORELOS,1
2020-03-10,MORELOS,0
2020-03-11,MORELOS,0
2020-03-12,MORELOS,0
2020-03-13,MORELOS,0
2020-03-14,MORELOS,1
2020-03-15,MORELOS,0
2020-03-16,MORELOS,0
2020-03-17,MORELOS,1
2020-03-18,MORELOS,1
2020-03-19,MORELOS,0
2020-03-20,MORELOS,1
2020-03-21,MORELOS,1
2020-03-22,MORELOS,0
2020-03-23,MORELOS,2
2020-03-24,MORELOS,3
2020-03-25,MORELOS,0
2020-03-26,MORELOS,0
2020-03-27,MORELOS,0
2020-03-28,MORELOS,3
2020-03-29,MORELOS,1
2020-03-30,MORELOS,1
2020-03-31,MORELOS,1
2020-04-01,MORELOS,3
2020-04-02,MORELOS,8
2020-04-03,MORELOS,1
2020-04-04,MORELOS,3
2020-04-05,MORELOS,3
2020-04-06,MORELOS,8
2020-04-07,MORELOS,6
2020-04-08,MORELOS,6
2020-04-09,MORELOS,7
2020-04-10,MORELOS,3
2020-04-11,MORELOS,2
2020-04-12,MORELOS,4
2020-04-13,MORELOS,9
2020-04-14,MORELOS,10
2020-04-15,MORELOS,10
2020-04-16,MORELOS,8
2020-04-17,MORELOS,11
2020-04-18,MORELOS,9
2020-04-19,MORELOS,18
2020-04-20,MORELOS,27
2020-04-21,MORELOS,18
2020-04-22,MORELOS,28
2020-04-23,MORELOS,28
2020-04-24,MORELOS,27
2020-04-25,MORELOS,13
2020-04-26,MORELOS,26
2020-04-27,MORELOS,44
2020-04-28,MORELOS,25
2020-04-29,MORELOS,39
2020-04-30,MORELOS,33
2020-05-01,MORELOS,24
2020-05-02,MORELOS,24
2020-05-03,MORELOS,41
2020-05-04,MORELOS,40
2020-05-05,MORELOS,37
2020-05-06,MORELOS,47
2020-05-07,MORELOS,46
2020-05-08,MORELOS,30
2020-05-09,MORELOS,18
2020-05-10,MORELOS,20
2020-05-11,MORELOS,39
2020-05-12,MORELOS,38
2020-05-13,MORELOS,37
2020-05-14,MORELOS,25
2020-05-15,MORELOS,35
2020-05-16,MORELOS,11
2020-05-17,MORELOS,16
2020-05-18,MORELOS,37
2020-05-19,MORELOS,45
2020-05-20,MORELOS,34
2020-05-21,MORELOS,42
2020-05-22,MORELOS,44
2020-05-23,MORELOS,18
2020-05-24,MORELOS,16
2020-05-25,MORELOS,44
2020-05-26,MORELOS,53
2020-05-27,MORELOS,26
2020-05-28,MORELOS,42
2020-05-29,MORELOS,25
2020-05-30,MORELOS,15
2020-05-31,MORELOS,14
2020-06-01,MORELOS,34
2020-06-02,MORELOS,20
2020-06-03,MORELOS,0
2020-06-04,MORELOS,0
2020-02-28,NAYARIT,0
2020-02-29,NAYARIT,0
2020-03-01,NAYARIT,0
2020-03-02,NAYARIT,0
2020-03-03,NAYARIT,0
2020-03-04,NAYARIT,0
2020-03-05,NAYARIT,0
2020-03-06,NAYARIT,0
2020-03-07,NAYARIT,0
2020-03-08,NAYARIT,0
2020-03-09,NAYARIT,0
2020-03-10,NAYARIT,0
2020-03-11,NAYARIT,0
2020-03-12,NAYARIT,0
2020-03-13,NAYARIT,0
2020-03-14,NAYARIT,0
2020-03-15,NAYARIT,0
2020-03-16,NAYARIT,0
2020-03-17,NAYARIT,0
2020-03-18,NAYARIT,1
2020-03-19,NAYARIT,1
2020-03-20,NAYARIT,0
2020-03-21,NAYARIT,0
2020-03-22,NAYARIT,0
2020-03-23,NAYARIT,2
2020-03-24,NAYARIT,3
2020-03-25,NAYARIT,0
2020-03-26,NAYARIT,0
2020-03-27,NAYARIT,0
2020-03-28,NAYARIT,1
2020-03-29,NAYARIT,0
2020-03-30,NAYARIT,0
2020-03-31,NAYARIT,2
2020-04-01,NAYARIT,0
2020-04-02,NAYARIT,0
2020-04-03,NAYARIT,1
2020-04-04,NAYARIT,4
2020-04-05,NAYARIT,2
2020-04-06,NAYARIT,2
2020-04-07,NAYARIT,2
2020-04-08,NAYARIT,2
2020-04-09,NAYARIT,2
2020-04-10,NAYARIT,0
2020-04-11,NAYARIT,2
2020-04-12,NAYARIT,4
2020-04-13,NAYARIT,4
2020-04-14,NAYARIT,2
2020-04-15,NAYARIT,2
2020-04-16,NAYARIT,3
2020-04-17,NAYARIT,4
2020-04-18,NAYARIT,3
2020-04-19,NAYARIT,2
2020-04-20,NAYARIT,1
2020-04-21,NAYARIT,4
2020-04-22,NAYARIT,4
2020-04-23,NAYARIT,6
2020-04-24,NAYARIT,4
2020-04-25,NAYARIT,3
2020-04-26,NAYARIT,6
2020-04-27,NAYARIT,11
2020-04-28,NAYARIT,13
2020-04-29,NAYARIT,5
2020-04-30,NAYARIT,13
2020-05-01,NAYARIT,7
2020-05-02,NAYARIT,15
2020-05-03,NAYARIT,15
2020-05-04,NAYARIT,15
2020-05-05,NAYARIT,24
2020-05-06,NAYARIT,17
2020-05-07,NAYARIT,15
2020-05-08,NAYARIT,6
2020-05-09,NAYARIT,7
2020-05-10,NAYARIT,9
2020-05-11,NAYARIT,20
2020-05-12,NAYARIT,19
2020-05-13,NAYARIT,15
2020-05-14,NAYARIT,18
2020-05-15,NAYARIT,17
2020-05-16,NAYARIT,3
2020-05-17,NAYARIT,6
2020-05-18,NAYARIT,18
2020-05-19,NAYARIT,24
2020-05-20,NAYARIT,17
2020-05-21,NAYARIT,19
2020-05-22,NAYARIT,26
2020-05-23,NAYARIT,12
2020-05-24,NAYARIT,8
2020-05-25,NAYARIT,21
2020-05-26,NAYARIT,30
2020-05-27,NAYARIT,32
2020-05-28,NAYARIT,33
2020-05-29,NAYARIT,27
2020-05-30,NAYARIT,21
2020-05-31,NAYARIT,10
2020-06-01,NAYARIT,20
2020-06-02,NAYARIT,28
2020-06-03,NAYARIT,0
2020-06-04,NAYARIT,0
2020-02-28,NUEVO LEON,0
2020-02-29,NUEVO LEON,0
2020-03-01,NUEVO LEON,0
2020-03-02,NUEVO LEON,0
2020-03-03,NUEVO LEON,0
2020-03-04,NUEVO LEON,0
2020-03-05,NUEVO LEON,0
2020-03-06,NUEVO LEON,0
2020-03-07,NUEVO LEON,0
2020-03-08,NUEVO LEON,0
2020-03-09,NUEVO LEON,0
2020-03-10,NUEVO LEON,2
2020-03-11,NUEVO LEON,4
2020-03-12,NUEVO LEON,0
2020-03-13,NUEVO LEON,5
2020-03-14,NUEVO LEON,6
2020-03-15,NUEVO LEON,0
2020-03-16,NUEVO LEON,6
2020-03-17,NUEVO LEON,6
2020-03-18,NUEVO LEON,9
2020-03-19,NUEVO LEON,4
2020-03-20,NUEVO LEON,12
2020-03-21,NUEVO LEON,4
2020-03-22,NUEVO LEON,4
2020-03-23,NUEVO LEON,5
2020-03-24,NUEVO LEON,5
2020-03-25,NUEVO LEON,0
2020-03-26,NUEVO LEON,1
2020-03-27,NUEVO LEON,8
2020-03-28,NUEVO LEON,2
2020-03-29,NUEVO LEON,3
2020-03-30,NUEVO LEON,4
2020-03-31,NUEVO LEON,0
2020-04-01,NUEVO LEON,0
2020-04-02,NUEVO LEON,5
2020-04-03,NUEVO LEON,2
2020-04-04,NUEVO LEON,3
2020-04-05,NUEVO LEON,1
2020-04-06,NUEVO LEON,10
2020-04-07,NUEVO LEON,7
2020-04-08,NUEVO LEON,9
2020-04-09,NUEVO LEON,1
2020-04-10,NUEVO LEON,21
2020-04-11,NUEVO LEON,8
2020-04-12,NUEVO LEON,15
2020-04-13,NUEVO LEON,20
2020-04-14,NUEVO LEON,18
2020-04-15,NUEVO LEON,6
2020-04-16,NUEVO LEON,12
2020-04-17,NUEVO LEON,9
2020-04-18,NUEVO LEON,6
2020-04-19,NUEVO LEON,2
2020-04-20,NUEVO LEON,11
2020-04-21,NUEVO LEON,17
2020-04-22,NUEVO LEON,16
2020-04-23,NUEVO LEON,6
2020-04-24,NUEVO LEON,6
2020-04-25,NUEVO LEON,5
2020-04-26,NUEVO LEON,8
2020-04-27,NUEVO LEON,20
2020-04-28,NUEVO LEON,27
2020-04-29,NUEVO LEON,23
2020-04-30,NUEVO LEON,27
2020-05-01,NUEVO LEON,26
2020-05-02,NUEVO LEON,22
2020-05-03,NUEVO LEON,10
2020-05-04,NUEVO LEON,40
2020-05-05,NUEVO LEON,63
2020-05-06,NUEVO LEON,26
2020-05-07,NUEVO LEON,22
2020-05-08,NUEVO LEON,28
2020-05-09,NUEVO LEON,27
2020-05-10,NUEVO LEON,21
2020-05-11,NUEVO LEON,45
2020-05-12,NUEVO LEON,36
2020-05-13,NUEVO LEON,66
2020-05-14,NUEVO LEON,38
2020-05-15,NUEVO LEON,72
2020-05-16,NUEVO LEON,28
2020-05-17,NUEVO LEON,8
2020-05-18,NUEVO LEON,42
2020-05-19,NUEVO LEON,38
2020-05-20,NUEVO LEON,63
2020-05-21,NUEVO LEON,33
2020-05-22,NUEVO LEON,46
2020-05-23,NUEVO LEON,30
2020-05-24,NUEVO LEON,24
2020-05-25,NUEVO LEON,59
2020-05-26,NUEVO LEON,103
2020-05-27,NUEVO LEON,68
2020-05-28,NUEVO LEON,57
2020-05-29,NUEVO LEON,59
2020-05-30,NUEVO LEON,27
2020-05-31,NUEVO LEON,11
2020-06-01,NUEVO LEON,17
2020-06-02,NUEVO LEON,41
2020-06-03,NUEVO LEON,16
2020-06-04,NUEVO LEON,1
2020-02-28,OAXACA,0
2020-02-29,OAXACA,0
2020-03-01,OAXACA,0
2020-03-02,OAXACA,0
2020-03-03,OAXACA,0
2020-03-04,OAXACA,0
2020-03-05,OAXACA,0
2020-03-06,OAXACA,0
2020-03-07,OAXACA,0
2020-03-08,OAXACA,0
2020-03-09,OAXACA,0
2020-03-10,OAXACA,0
2020-03-11,OAXACA,0
2020-03-12,OAXACA,0
2020-03-13,OAXACA,2
2020-03-14,OAXACA,0
2020-03-15,OAXACA,0
2020-03-16,OAXACA,0
2020-03-17,OAXACA,0
2020-03-18,OAXACA,0
2020-03-19,OAXACA,1
2020-03-20,OAXACA,1
2020-03-21,OAXACA,1
2020-03-22,OAXACA,1
2020-03-23,OAXACA,2
2020-03-24,OAXACA,1
2020-03-25,OAXACA,3
2020-03-26,OAXACA,3
2020-03-27,OAXACA,1
2020-03-28,OAXACA,1
2020-03-29,OAXACA,2
2020-03-30,OAXACA,2
2020-03-31,OAXACA,6
2020-04-01,OAXACA,1
2020-04-02,OAXACA,0
2020-04-03,OAXACA,3
2020-04-04,OAXACA,2
2020-04-05,OAXACA,2
2020-04-06,OAXACA,5
2020-04-07,OAXACA,0
2020-04-08,OAXACA,5
2020-04-09,OAXACA,1
2020-04-10,OAXACA,2
2020-04-11,OAXACA,1
2020-04-12,OAXACA,2
2020-04-13,OAXACA,5
2020-04-14,OAXACA,4
2020-04-15,OAXACA,7
2020-04-16,OAXACA,5
2020-04-17,OAXACA,8
2020-04-18,OAXACA,6
2020-04-19,OAXACA,3
2020-04-20,OAXACA,6
2020-04-21,OAXACA,4
2020-04-22,OAXACA,10
2020-04-23,OAXACA,8
2020-04-24,OAXACA,15
2020-04-25,OAXACA,7
2020-04-26,OAXACA,13
2020-04-27,OAXACA,9
2020-04-28,OAXACA,17
2020-04-29,OAXACA,12
2020-04-30,OAXACA,12
2020-05-01,OAXACA,15
2020-05-02,OAXACA,6
2020-05-03,OAXACA,15
2020-05-04,OAXACA,24
2020-05-05,OAXACA,33
2020-05-06,OAXACA,23
2020-05-07,OAXACA,23
2020-05-08,OAXACA,21
2020-05-09,OAXACA,16
2020-05-10,OAXACA,28
2020-05-11,OAXACA,53
2020-05-12,OAXACA,67
2020-05-13,OAXACA,69
2020-05-14,OAXACA,67
2020-05-15,OAXACA,79
2020-05-16,OAXACA,64
2020-05-17,OAXACA,17
2020-05-18,OAXACA,123
2020-05-19,OAXACA,69
2020-05-20,OAXACA,67
2020-05-21,OAXACA,93
2020-05-22,OAXACA,75
2020-05-23,OAXACA,82
2020-05-24,OAXACA,33
2020-05-25,OAXACA,98
2020-05-26,OAXACA,73
2020-05-27,OAXACA,61
2020-05-28,OAXACA,65
2020-05-29,OAXACA,61
2020-05-30,OAXACA,43
2020-05-31,OAXACA,32
2020-06-01,OAXACA,52
2020-06-02,OAXACA,33
2020-06-03,OAXACA,1
2020-06-04,OAXACA,0
2020-02-28,PUEBLA,0
2020-02-29,PUEBLA,0
2020-03-01,PUEBLA,0
2020-03-02,PUEBLA,0
2020-03-03,PUEBLA,0
2020-03-04,PUEBLA,0
2020-03-05,PUEBLA,0
2020-03-06,PUEBLA,0
2020-03-07,PUEBLA,0
2020-03-08,PUEBLA,0
2020-03-09,PUEBLA,0
2020-03-10,PUEBLA,0
2020-03-11,PUEBLA,1
2020-03-12,PUEBLA,1
2020-03-13,PUEBLA,4
2020-03-14,PUEBLA,2
2020-03-15,PUEBLA,3
2020-03-16,PUEBLA,2
2020-03-17,PUEBLA,3
2020-03-18,PUEBLA,3
2020-03-19,PUEBLA,5
2020-03-20,PUEBLA,5
2020-03-21,PUEBLA,4
2020-03-22,PUEBLA,2
2020-03-23,PUEBLA,8
2020-03-24,PUEBLA,15
2020-03-25,PUEBLA,6
2020-03-26,PUEBLA,14
2020-03-27,PUEBLA,9
2020-03-28,PUEBLA,13
2020-03-29,PUEBLA,4
2020-03-30,PUEBLA,14
2020-03-31,PUEBLA,21
2020-04-01,PUEBLA,13
2020-04-02,PUEBLA,18
2020-04-03,PUEBLA,13
2020-04-04,PUEBLA,10
2020-04-05,PUEBLA,6
2020-04-06,PUEBLA,22
2020-04-07,PUEBLA,12
2020-04-08,PUEBLA,20
2020-04-09,PUEBLA,11
2020-04-10,PUEBLA,8
2020-04-11,PUEBLA,14
2020-04-12,PUEBLA,4
2020-04-13,PUEBLA,21
2020-04-14,PUEBLA,14
2020-04-15,PUEBLA,24
2020-04-16,PUEBLA,19
2020-04-17,PUEBLA,29
2020-04-18,PUEBLA,23
2020-04-19,PUEBLA,17
2020-04-20,PUEBLA,28
2020-04-21,PUEBLA,21
2020-04-22,PUEBLA,27
2020-04-23,PUEBLA,30
2020-04-24,PUEBLA,37
2020-04-25,PUEBLA,39
2020-04-26,PUEBLA,23
2020-04-27,PUEBLA,32
2020-04-28,PUEBLA,42
2020-04-29,PUEBLA,43
2020-04-30,PUEBLA,44
2020-05-01,PUEBLA,32
2020-05-02,PUEBLA,41
2020-05-03,PUEBLA,28
2020-05-04,PUEBLA,48
2020-05-05,PUEBLA,30
2020-05-06,PUEBLA,42
2020-05-07,PUEBLA,59
2020-05-08,PUEBLA,42
2020-05-09,PUEBLA,44
2020-05-10,PUEBLA,32
2020-05-11,PUEBLA,72
2020-05-12,PUEBLA,66
2020-05-13,PUEBLA,83
2020-05-14,PUEBLA,94
2020-05-15,PUEBLA,96
2020-05-16,PUEBLA,68
2020-05-17,PUEBLA,64
2020-05-18,PUEBLA,122
2020-05-19,PUEBLA,123
2020-05-20,PUEBLA,116
2020-05-21,PUEBLA,134
2020-05-22,PUEBLA,155
2020-05-23,PUEBLA,121
2020-05-24,PUEBLA,73
2020-05-25,PUEBLA,155
2020-05-26,PUEBLA,132
2020-05-27,PUEBLA,173
2020-05-28,PUEBLA,120
2020-05-29,PUEBLA,97
2020-05-30,PUEBLA,73
2020-05-31,PUEBLA,38
2020-06-01,PUEBLA,129
2020-06-02,PUEBLA,79
2020-06-03,PUEBLA,27
2020-06-04,PUEBLA,0
2020-02-28,QUERETARO,0
2020-02-29,QUERETARO,0
2020-03-01,QUERETARO,0
2020-03-02,QUERETARO,0
2020-03-03,QUERETARO,0
2020-03-04,QUERETARO,0
2020-03-05,QUERETARO,0
2020-03-06,QUERETARO,0
2020-03-07,QUERETARO,0
2020-03-08,QUERETARO,0
2020-03-09,QUERETARO,0
2020-03-10,QUERETARO,2
2020-03-11,QUERETARO,1
2020-03-12,QUERETARO,1
2020-03-13,QUERETARO,2
2020-03-14,QUERETARO,1
2020-03-15,QUERETARO,0
2020-03-16,QUERETARO,0
2020-03-17,QUERETARO,2
2020-03-18,QUERETARO,2
2020-03-19,QUERETARO,3
2020-03-20,QUERETARO,0
2020-03-21,QUERETARO,1
2020-03-22,QUERETARO,0
2020-03-23,QUERETARO,3
2020-03-24,QUERETARO,4
2020-03-25,QUERETARO,2
2020-03-26,QUERETARO,1
2020-03-27,QUERETARO,4
2020-03-28,QUERETARO,2
2020-03-29,QUERETARO,1
2020-03-30,QUERETARO,1
2020-03-31,QUERETARO,4
2020-04-01,QUERETARO,3
2020-04-02,QUERETARO,1
2020-04-03,QUERETARO,4
2020-04-04,QUERETARO,1
2020-04-05,QUERETARO,0
2020-04-06,QUERETARO,4
2020-04-07,QUERETARO,5
2020-04-08,QUERETARO,3
2020-04-09,QUERETARO,3
2020-04-10,QUERETARO,2
2020-04-11,QUERETARO,3
2020-04-12,QUERETARO,1
2020-04-13,QUERETARO,8
2020-04-14,QUERETARO,8
2020-04-15,QUERETARO,2
2020-04-16,QUERETARO,6
2020-04-17,QUERETARO,5
2020-04-18,QUERETARO,2
2020-04-19,QUERETARO,2
2020-04-20,QUERETARO,6
2020-04-21,QUERETARO,2
2020-04-22,QUERETARO,7
2020-04-23,QUERETARO,9
2020-04-24,QUERETARO,10
2020-04-25,QUERETARO,1
2020-04-26,QUERETARO,2
2020-04-27,QUERETARO,3
2020-04-28,QUERETARO,8
2020-04-29,QUERETARO,12
2020-04-30,QUERETARO,6
2020-05-01,QUERETARO,8
2020-05-02,QUERETARO,12
2020-05-03,QUERETARO,4
2020-05-04,QUERETARO,8
2020-05-05,QUERETARO,11
2020-05-06,QUERETARO,9
2020-05-07,QUERETARO,13
2020-05-08,QUERETARO,26
2020-05-09,QUERETARO,27
2020-05-10,QUERETARO,20
2020-05-11,QUERETARO,49
2020-05-12,QUERETARO,34
2020-05-13,QUERETARO,29
2020-05-14,QUERETARO,41
2020-05-15,QUERETARO,50
2020-05-16,QUERETARO,27
2020-05-17,QUERETARO,19
2020-05-18,QUERETARO,49
2020-05-19,QUERETARO,60
2020-05-20,QUERETARO,44
2020-05-21,QUERETARO,32
2020-05-22,QUERETARO,35
2020-05-23,QUERETARO,22
2020-05-24,QUERETARO,12
2020-05-25,QUERETARO,50
2020-05-26,QUERETARO,30
2020-05-27,QUERETARO,25
2020-05-28,QUERETARO,27
2020-05-29,QUERETARO,32
2020-05-30,QUERETARO,20
2020-05-31,QUERETARO,17
2020-06-01,QUERETARO,21
2020-06-02,QUERETARO,19
2020-06-03,QUERETARO,1
2020-06-04,QUERETARO,1
2020-02-28,QUINTANA ROO,0
2020-02-29,QUINTANA ROO,0
2020-03-01,QUINTANA ROO,0
2020-03-02,QUINTANA ROO,0
2020-03-03,QUINTANA ROO,0
2020-03-04,QUINTANA ROO,0
2020-03-05,QUINTANA ROO,0
2020-03-06,QUINTANA ROO,0
2020-03-07,QUINTANA ROO,0
2020-03-08,QUINTANA ROO,0
2020-03-09,QUINTANA ROO,0
2020-03-10,QUINTANA ROO,0
2020-03-11,QUINTANA ROO,2
2020-03-12,QUINTANA ROO,1
2020-03-13,QUINTANA ROO,0
2020-03-14,QUINTANA ROO,4
2020-03-15,QUINTANA ROO,0
2020-03-16,QUINTANA ROO,3
2020-03-17,QUINTANA ROO,4
2020-03-18,QUINTANA ROO,2
2020-03-19,QUINTANA ROO,5
2020-03-20,QUINTANA ROO,1
2020-03-21,QUINTANA ROO,3
2020-03-22,QUINTANA ROO,4
2020-03-23,QUINTANA ROO,4
2020-03-24,QUINTANA ROO,9
2020-03-25,QUINTANA ROO,11
2020-03-26,QUINTANA ROO,9
2020-03-27,QUINTANA ROO,7
2020-03-28,QUINTANA ROO,7
2020-03-29,QUINTANA ROO,3
2020-03-30,QUINTANA ROO,21
2020-03-31,QUINTANA ROO,14
2020-04-01,QUINTANA ROO,23
2020-04-02,QUINTANA ROO,11
2020-04-03,QUINTANA ROO,13
2020-04-04,QUINTANA ROO,9
2020-04-05,QUINTANA ROO,10
2020-04-06,QUINTANA ROO,32
2020-04-07,QUINTANA ROO,20
2020-04-08,QUINTANA ROO,26
2020-04-09,QUINTANA ROO,8
2020-04-10,QUINTANA ROO,22
2020-04-11,QUINTANA ROO,17
2020-04-12,QUINTANA ROO,22
2020-04-13,QUINTANA ROO,22
2020-04-14,QUINTANA ROO,18
2020-04-15,QUINTANA ROO,21
2020-04-16,QUINTANA ROO,32
2020-04-17,QUINTANA ROO,34
2020-04-18,QUINTANA ROO,42
2020-04-19,QUINTANA ROO,23
2020-04-20,QUINTANA ROO,43
2020-04-21,QUINTANA ROO,42
2020-04-22,QUINTANA ROO,34
2020-04-23,QUINTANA ROO,47
2020-04-24,QUINTANA ROO,23
2020-04-25,QUINTANA ROO,31
2020-04-26,QUINTANA ROO,32
2020-04-27,QUINTANA ROO,44
2020-04-28,QUINTANA ROO,42
2020-04-29,QUINTANA ROO,37
2020-04-30,QUINTANA ROO,34
2020-05-01,QUINTANA ROO,32
2020-05-02,QUINTANA ROO,69
2020-05-03,QUINTANA ROO,30
2020-05-04,QUINTANA ROO,33
2020-05-05,QUINTANA ROO,23
2020-05-06,QUINTANA ROO,41
2020-05-07,QUINTANA ROO,39
2020-05-08,QUINTANA ROO,26
2020-05-09,QUINTANA ROO,19
2020-05-10,QUINTANA ROO,22
2020-05-11,QUINTANA ROO,44
2020-05-12,QUINTANA ROO,38
2020-05-13,QUINTANA ROO,27
2020-05-14,QUINTANA ROO,41
2020-05-15,QUINTANA ROO,21
2020-05-16,QUINTANA ROO,20
2020-05-17,QUINTANA ROO,13
2020-05-18,QUINTANA ROO,45
2020-05-19,QUINTANA ROO,35
2020-05-20,QUINTANA ROO,43
2020-05-21,QUINTANA ROO,39
2020-05-22,QUINTANA ROO,44
2020-05-23,QUINTANA ROO,39
2020-05-24,QUINTANA ROO,24
2020-05-25,QUINTANA ROO,48
2020-05-26,QUINTANA ROO,32
2020-05-27,QUINTANA ROO,42
2020-05-28,QUINTANA ROO,42
2020-05-29,QUINTANA ROO,44
2020-05-30,QUINTANA ROO,24
2020-05-31,QUINTANA ROO,21
2020-06-01,QUINTANA ROO,44
2020-06-02,QUINTANA ROO,37
2020-06-03,QUINTANA ROO,3
2020-06-04,QUINTANA ROO,0
2020-02-28,SAN LUIS POTOSI,0
2020-02-29,SAN LUIS POTOSI,0
2020-03-01,SAN LUIS POTOSI,0
2020-03-02,SAN LUIS POTOSI,0
2020-03-03,SAN LUIS POTOSI,0
2020-03-04,SAN LUIS POTOSI,0
2020-03-05,SAN LUIS POTOSI,0
2020-03-06,SAN LUIS POTOSI,0
2020-03-07,SAN LUIS POTOSI,0
2020-03-08,SAN LUIS POTOSI,0
2020-03-09,SAN LUIS POTOSI,0
2020-03-10,SAN LUIS POTOSI,0
2020-03-11,SAN LUIS POTOSI,0
2020-03-12,SAN LUIS POTOSI,0
2020-03-13,SAN LUIS POTOSI,2
2020-03-14,SAN LUIS POTOSI,0
2020-03-15,SAN LUIS POTOSI,0
2020-03-16,SAN LUIS POTOSI,1
2020-03-17,SAN LUIS POTOSI,5
2020-03-18,SAN LUIS POTOSI,1
2020-03-19,SAN LUIS POTOSI,3
2020-03-20,SAN LUIS POTOSI,3
2020-03-21,SAN LUIS POTOSI,4
2020-03-22,SAN LUIS POTOSI,1
2020-03-23,SAN LUIS POTOSI,2
2020-03-24,SAN LUIS POTOSI,0
2020-03-25,SAN LUIS POTOSI,0
2020-03-26,SAN LUIS POTOSI,1
2020-03-27,SAN LUIS POTOSI,6
2020-03-28,SAN LUIS POTOSI,0
2020-03-29,SAN LUIS POTOSI,6
2020-03-30,SAN LUIS POTOSI,3
2020-03-31,SAN LUIS POTOSI,2
2020-04-01,SAN LUIS POTOSI,0
2020-04-02,SAN LUIS POTOSI,0
2020-04-03,SAN LUIS POTOSI,0
2020-04-04,SAN LUIS POTOSI,3
2020-04-05,SAN LUIS POTOSI,2
2020-04-06,SAN LUIS POTOSI,3
2020-04-07,SAN LUIS POTOSI,6
2020-04-08,SAN LUIS POTOSI,4
2020-04-09,SAN LUIS POTOSI,4
2020-04-10,SAN LUIS POTOSI,1
2020-04-11,SAN LUIS POTOSI,3
2020-04-12,SAN LUIS POTOSI,0
2020-04-13,SAN LUIS POTOSI,1
2020-04-14,SAN LUIS POTOSI,1
2020-04-15,SAN LUIS POTOSI,2
2020-04-16,SAN LUIS POTOSI,2
2020-04-17,SAN LUIS POTOSI,7
2020-04-18,SAN LUIS POTOSI,1
2020-04-19,SAN LUIS POTOSI,0
2020-04-20,SAN LUIS POTOSI,1
2020-04-21,SAN LUIS POTOSI,3
2020-04-22,SAN LUIS POTOSI,3
2020-04-23,SAN LUIS POTOSI,5
2020-04-24,SAN LUIS POTOSI,4
2020-04-25,SAN LUIS POTOSI,8
2020-04-26,SAN LUIS POTOSI,3
2020-04-27,SAN LUIS POTOSI,15
2020-04-28,SAN LUIS POTOSI,17
2020-04-29,SAN LUIS POTOSI,9
2020-04-30,SAN LUIS POTOSI,10
2020-05-01,SAN LUIS POTOSI,14
2020-05-02,SAN LUIS POTOSI,13
2020-05-03,SAN LUIS POTOSI,11
2020-05-04,SAN LUIS POTOSI,29
2020-05-05,SAN LUIS POTOSI,17
2020-05-06,SAN LUIS POTOSI,34
2020-05-07,SAN LUIS POTOSI,13
2020-05-08,SAN LUIS POTOSI,26
2020-05-09,SAN LUIS POTOSI,13
2020-05-10,SAN LUIS POTOSI,19
2020-05-11,SAN LUIS POTOSI,31
2020-05-12,SAN LUIS POTOSI,23
2020-05-13,SAN LUIS POTOSI,23
2020-05-14,SAN LUIS POTOSI,34
2020-05-15,SAN LUIS POTOSI,29
2020-05-16,SAN LUIS POTOSI,25
2020-05-17,SAN LUIS POTOSI,15
2020-05-18,SAN LUIS POTOSI,35
2020-05-19,SAN LUIS POTOSI,24
2020-05-20,SAN LUIS POTOSI,38
2020-05-21,SAN LUIS POTOSI,37
2020-05-22,SAN LUIS POTOSI,55
2020-05-23,SAN LUIS POTOSI,20
2020-05-24,SAN LUIS POTOSI,20
2020-05-25,SAN LUIS POTOSI,48
2020-05-26,SAN LUIS POTOSI,36
2020-05-27,SAN LUIS POTOSI,56
2020-05-28,SAN LUIS POTOSI,35
2020-05-29,SAN LUIS POTOSI,43
2020-05-30,SAN LUIS POTOSI,20
2020-05-31,SAN LUIS POTOSI,18
2020-06-01,SAN LUIS POTOSI,36
2020-06-02,SAN LUIS POTOSI,38
2020-06-03,SAN LUIS POTOSI,0
2020-06-04,SAN LUIS POTOSI,0
2020-02-28,SINALOA,0
2020-02-29,SINALOA,0
2020-03-01,SINALOA,0
2020-03-02,SINALOA,0
2020-03-03,SINALOA,0
2020-03-04,SINALOA,0
2020-03-05,SINALOA,0
2020-03-06,SINALOA,0
2020-03-07,SINALOA,0
2020-03-08,SINALOA,0
2020-03-09,SINALOA,0
2020-03-10,SINALOA,0
2020-03-11,SINALOA,0
2020-03-12,SINALOA,0
2020-03-13,SINALOA,1
2020-03-14,SINALOA,0
2020-03-15,SINALOA,0
2020-03-16,SINALOA,1
2020-03-17,SINALOA,1
2020-03-18,SINALOA,0
2020-03-19,SINALOA,2
2020-03-20,SINALOA,1
2020-03-21,SINALOA,0
2020-03-22,SINALOA,1
2020-03-23,SINALOA,2
2020-03-24,SINALOA,6
2020-03-25,SINALOA,8
2020-03-26,SINALOA,9
2020-03-27,SINALOA,9
2020-03-28,SINALOA,5
2020-03-29,SINALOA,6
2020-03-30,SINALOA,11
2020-03-31,SINALOA,15
2020-04-01,SINALOA,14
2020-04-02,SINALOA,28
2020-04-03,SINALOA,10
2020-04-04,SINALOA,12
2020-04-05,SINALOA,15
2020-04-06,SINALOA,27
2020-04-07,SINALOA,20
2020-04-08,SINALOA,29
2020-04-09,SINALOA,12
2020-04-10,SINALOA,33
2020-04-11,SINALOA,23
2020-04-12,SINALOA,22
2020-04-13,SINALOA,46
2020-04-14,SINALOA,49
2020-04-15,SINALOA,48
2020-04-16,SINALOA,40
2020-04-17,SINALOA,38
2020-04-18,SINALOA,31
2020-04-19,SINALOA,31
2020-04-20,SINALOA,62
2020-04-21,SINALOA,46
2020-04-22,SINALOA,48
2020-04-23,SINALOA,70
2020-04-24,SINALOA,74
2020-04-25,SINALOA,45
2020-04-26,SINALOA,38
2020-04-27,SINALOA,77
2020-04-28,SINALOA,51
2020-04-29,SINALOA,57
2020-04-30,SINALOA,64
2020-05-01,SINALOA,59
2020-05-02,SINALOA,51
2020-05-03,SINALOA,30
2020-05-04,SINALOA,76
2020-05-05,SINALOA,52
2020-05-06,SINALOA,83
2020-05-07,SINALOA,63
2020-05-08,SINALOA,61
2020-05-09,SINALOA,52
2020-05-10,SINALOA,41
2020-05-11,SINALOA,71
2020-05-12,SINALOA,84
2020-05-13,SINALOA,78
2020-05-14,SINALOA,101
2020-05-15,SINALOA,97
2020-05-16,SINALOA,68
2020-05-17,SINALOA,60
2020-05-18,SINALOA,138
2020-05-19,SINALOA,101
2020-05-20,SINALOA,117
2020-05-21,SINALOA,114
2020-05-22,SINALOA,139
2020-05-23,SINALOA,53
2020-05-24,SINALOA,74
2020-05-25,SINALOA,160
2020-05-26,SINALOA,178
2020-05-27,SINALOA,179
2020-05-28,SINALOA,127
2020-05-29,SINALOA,142
2020-05-30,SINALOA,64
2020-05-31,SINALOA,23
2020-06-01,SINALOA,52
2020-06-02,SINALOA,9
2020-06-03,SINALOA,0
2020-06-04,SINALOA,0
2020-02-28,SONORA,0
2020-02-29,SONORA,0
2020-03-01,SONORA,0
2020-03-02,SONORA,0
2020-03-03,SONORA,0
2020-03-04,SONORA,0
2020-03-05,SONORA,0
2020-03-06,SONORA,0
2020-03-07,SONORA,0
2020-03-08,SONORA,0
2020-03-09,SONORA,0
2020-03-10,SONORA,0
2020-03-11,SONORA,0
2020-03-12,SONORA,0
2020-03-13,SONORA,0
2020-03-14,SONORA,0
2020-03-15,SONORA,1
2020-03-16,SONORA,0
2020-03-17,SONORA,1
2020-03-18,SONORA,0
2020-03-19,SONORA,0
2020-03-20,SONORA,1
2020-03-21,SONORA,1
2020-03-22,SONORA,0
2020-03-23,SONORA,3
2020-03-24,SONORA,4
2020-03-25,SONORA,3
2020-03-26,SONORA,1
2020-03-27,SONORA,5
2020-03-28,SONORA,4
2020-03-29,SONORA,0
2020-03-30,SONORA,1
2020-03-31,SONORA,5
2020-04-01,SONORA,1
2020-04-02,SONORA,3
2020-04-03,SONORA,1
2020-04-04,SONORA,7
2020-04-05,SONORA,2
2020-04-06,SONORA,11
2020-04-07,SONORA,10
2020-04-08,SONORA,11
2020-04-09,SONORA,5
2020-04-10,SONORA,5
2020-04-11,SONORA,5
2020-04-12,SONORA,3
2020-04-13,SONORA,16
2020-04-14,SONORA,6
2020-04-15,SONORA,13
2020-04-16,SONORA,8
2020-04-17,SONORA,10
2020-04-18,SONORA,14
2020-04-19,SONORA,7
2020-04-20,SONORA,7
2020-04-21,SONORA,14
2020-04-22,SONORA,17
2020-04-23,SONORA,6
2020-04-24,SONORA,19
2020-04-25,SONORA,9
2020-04-26,SONORA,15
2020-04-27,SONORA,33
2020-04-28,SONORA,15
2020-04-29,SONORA,18
2020-04-30,SONORA,27
2020-05-01,SONORA,23
2020-05-02,SONORA,32
2020-05-03,SONORA,26
2020-05-04,SONORA,62
2020-05-05,SONORA,52
2020-05-06,SONORA,40
2020-05-07,SONORA,38
2020-05-08,SONORA,55
2020-05-09,SONORA,43
2020-05-10,SONORA,29
2020-05-11,SONORA,64
2020-05-12,SONORA,57
2020-05-13,SONORA,94
2020-05-14,SONORA,61
2020-05-15,SONORA,93
2020-05-16,SONORA,51
2020-05-17,SONORA,59
2020-05-18,SONORA,132
2020-05-19,SONORA,92
2020-05-20,SONORA,93
2020-05-21,SONORA,96
2020-05-22,SONORA,108
2020-05-23,SONORA,85
2020-05-24,SONORA,69
2020-05-25,SONORA,167
2020-05-26,SONORA,163
2020-05-27,SONORA,172
2020-05-28,SONORA,157
2020-05-29,SONORA,95
2020-05-30,SONORA,17
2020-05-31,SONORA,3
2020-06-01,SONORA,0
2020-06-02,SONORA,0
2020-06-03,SONORA,0
2020-06-04,SONORA,0
2020-02-28,TABASCO,0
2020-02-29,TABASCO,0
2020-03-01,TABASCO,0
2020-03-02,TABASCO,0
2020-03-03,TABASCO,0
2020-03-04,TABASCO,0
2020-03-05,TABASCO,0
2020-03-06,TABASCO,0
2020-03-07,TABASCO,0
2020-03-08,TABASCO,0
2020-03-09,TABASCO,0
2020-03-10,TABASCO,0
2020-03-11,TABASCO,0
2020-03-12,TABASCO,0
2020-03-13,TABASCO,0
2020-03-14,TABASCO,0
2020-03-15,TABASCO,0
2020-03-16,TABASCO,0
2020-03-17,TABASCO,1
2020-03-18,TABASCO,3
2020-03-19,TABASCO,2
2020-03-20,TABASCO,2
2020-03-21,TABASCO,0
2020-03-22,TABASCO,0
2020-03-23,TABASCO,3
2020-03-24,TABASCO,12
2020-03-25,TABASCO,3
2020-03-26,TABASCO,5
2020-03-27,TABASCO,11
2020-03-28,TABASCO,1
2020-03-29,TABASCO,9
2020-03-30,TABASCO,10
2020-03-31,TABASCO,11
2020-04-01,TABASCO,9
2020-04-02,TABASCO,15
2020-04-03,TABASCO,20
2020-04-04,TABASCO,3
2020-04-05,TABASCO,9
2020-04-06,TABASCO,7
2020-04-07,TABASCO,13
2020-04-08,TABASCO,17
2020-04-09,TABASCO,11
2020-04-10,TABASCO,15
2020-04-11,TABASCO,19
2020-04-12,TABASCO,27
2020-04-13,TABASCO,30
2020-04-14,TABASCO,47
2020-04-15,TABASCO,38
2020-04-16,TABASCO,44
2020-04-17,TABASCO,57
2020-04-18,TABASCO,48
2020-04-19,TABASCO,40
2020-04-20,TABASCO,73
2020-04-21,TABASCO,84
2020-04-22,TABASCO,65
2020-04-23,TABASCO,62
2020-04-24,TABASCO,65
2020-04-25,TABASCO,42
2020-04-26,TABASCO,40
2020-04-27,TABASCO,59
2020-04-28,TABASCO,57
2020-04-29,TABASCO,50
2020-04-30,TABASCO,82
2020-05-01,TABASCO,53
2020-05-02,TABASCO,48
2020-05-03,TABASCO,46
2020-05-04,TABASCO,84
2020-05-05,TABASCO,72
2020-05-06,TABASCO,96
2020-05-07,TABASCO,103
2020-05-08,TABASCO,81
2020-05-09,TABASCO,53
2020-05-10,TABASCO,65
2020-05-11,TABASCO,113
2020-05-12,TABASCO,87
2020-05-13,TABASCO,116
2020-05-14,TABASCO,127
2020-05-15,TABASCO,144
2020-05-16,TABASCO,86
2020-05-17,TABASCO,79
2020-05-18,TABASCO,121
2020-05-19,TABASCO,107
2020-05-20,TABASCO,159
2020-05-21,TABASCO,140
2020-05-22,TABASCO,136
2020-05-23,TABASCO,97
2020-05-24,TABASCO,81
2020-05-25,TABASCO,173
2020-05-26,TABASCO,193
2020-05-27,TABASCO,219
2020-05-28,TABASCO,211
2020-05-29,TABASCO,163
2020-05-30,TABASCO,100
2020-05-31,TABASCO,69
2020-06-01,TABASCO,183
2020-06-02,TABASCO,129
2020-06-03,TABASCO,42
2020-06-04,TABASCO,0
2020-02-28,TAMAULIPAS,0
2020-02-29,TAMAULIPAS,0
2020-03-01,TAMAULIPAS,0
2020-03-02,TAMAULIPAS,0
2020-03-03,TAMAULIPAS,0
2020-03-04,TAMAULIPAS,0
2020-03-05,TAMAULIPAS,0
2020-03-06,TAMAULIPAS,0
2020-03-07,TAMAULIPAS,0
2020-03-08,TAMAULIPAS,0
2020-03-09,TAMAULIPAS,0
2020-03-10,TAMAULIPAS,0
2020-03-11,TAMAULIPAS,0
2020-03-12,TAMAULIPAS,0
2020-03-13,TAMAULIPAS,0
2020-03-14,TAMAULIPAS,0
2020-03-15,TAMAULIPAS,1
2020-03-16,TAMAULIPAS,1
2020-03-17,TAMAULIPAS,0
2020-03-18,TAMAULIPAS,0
2020-03-19,TAMAULIPAS,1
2020-03-20,TAMAULIPAS,1
2020-03-21,TAMAULIPAS,0
2020-03-22,TAMAULIPAS,2
2020-03-23,TAMAULIPAS,1
2020-03-24,TAMAULIPAS,1
2020-03-25,TAMAULIPAS,0
2020-03-26,TAMAULIPAS,0
2020-03-27,TAMAULIPAS,1
2020-03-28,TAMAULIPAS,3
2020-03-29,TAMAULIPAS,3
2020-03-30,TAMAULIPAS,4
2020-03-31,TAMAULIPAS,5
2020-04-01,TAMAULIPAS,8
2020-04-02,TAMAULIPAS,1
2020-04-03,TAMAULIPAS,9
2020-04-04,TAMAULIPAS,3
2020-04-05,TAMAULIPAS,4
2020-04-06,TAMAULIPAS,10
2020-04-07,TAMAULIPAS,5
2020-04-08,TAMAULIPAS,3
2020-04-09,TAMAULIPAS,5
2020-04-10,TAMAULIPAS,9
2020-04-11,TAMAULIPAS,4
2020-04-12,TAMAULIPAS,9
2020-04-13,TAMAULIPAS,13
2020-04-14,TAMAULIPAS,19
2020-04-15,TAMAULIPAS,16
2020-04-16,TAMAULIPAS,28
2020-04-17,TAMAULIPAS,31
2020-04-18,TAMAULIPAS,14
2020-04-19,TAMAULIPAS,8
2020-04-20,TAMAULIPAS,25
2020-04-21,TAMAULIPAS,18
2020-04-22,TAMAULIPAS,28
2020-04-23,TAMAULIPAS,33
2020-04-24,TAMAULIPAS,25
2020-04-25,TAMAULIPAS,38
2020-04-26,TAMAULIPAS,34
2020-04-27,TAMAULIPAS,26
2020-04-28,TAMAULIPAS,40
2020-04-29,TAMAULIPAS,35
2020-04-30,TAMAULIPAS,18
2020-05-01,TAMAULIPAS,30
2020-05-02,TAMAULIPAS,28
2020-05-03,TAMAULIPAS,24
2020-05-04,TAMAULIPAS,38
2020-05-05,TAMAULIPAS,31
2020-05-06,TAMAULIPAS,44
2020-05-07,TAMAULIPAS,40
2020-05-08,TAMAULIPAS,28
2020-05-09,TAMAULIPAS,27
2020-05-10,TAMAULIPAS,20
2020-05-11,TAMAULIPAS,34
2020-05-12,TAMAULIPAS,37
2020-05-13,TAMAULIPAS,39
2020-05-14,TAMAULIPAS,31
2020-05-15,TAMAULIPAS,58
2020-05-16,TAMAULIPAS,48
2020-05-17,TAMAULIPAS,16
2020-05-18,TAMAULIPAS,57
2020-05-19,TAMAULIPAS,48
2020-05-20,TAMAULIPAS,62
2020-05-21,TAMAULIPAS,63
2020-05-22,TAMAULIPAS,40
2020-05-23,TAMAULIPAS,37
2020-05-24,TAMAULIPAS,32
2020-05-25,TAMAULIPAS,76
2020-05-26,TAMAULIPAS,95
2020-05-27,TAMAULIPAS,91
2020-05-28,TAMAULIPAS,47
2020-05-29,TAMAULIPAS,43
2020-05-30,TAMAULIPAS,10
2020-05-31,TAMAULIPAS,10
2020-06-01,TAMAULIPAS,15
2020-06-02,TAMAULIPAS,4
2020-06-03,TAMAULIPAS,1
2020-06-04,TAMAULIPAS,1
2020-02-28,TLAXCALA,0
2020-02-29,TLAXCALA,0
2020-03-01,TLAXCALA,0
2020-03-02,TLAXCALA,0
2020-03-03,TLAXCALA,0
2020-03-04,TLAXCALA,0
2020-03-05,TLAXCALA,0
2020-03-06,TLAXCALA,0
2020-03-07,TLAXCALA,0
2020-03-08,TLAXCALA,0
2020-03-09,TLAXCALA,0
2020-03-10,TLAXCALA,0
2020-03-11,TLAXCALA,0
2020-03-12,TLAXCALA,0
2020-03-13,TLAXCALA,0
2020-03-14,TLAXCALA,0
2020-03-15,TLAXCALA,0
2020-03-16,TLAXCALA,0
2020-03-17,TLAXCALA,0
2020-03-18,TLAXCALA,0
2020-03-19,TLAXCALA,0
2020-03-20,TLAXCALA,0
2020-03-21,TLAXCALA,0
2020-03-22,TLAXCALA,0
2020-03-23,TLAXCALA,1
2020-03-24,TLAXCALA,1
2020-03-25,TLAXCALA,0
2020-03-26,TLAXCALA,0
2020-03-27,TLAXCALA,1
2020-03-28,TLAXCALA,2
2020-03-29,TLAXCALA,0
2020-03-30,TLAXCALA,1
2020-03-31,TLAXCALA,0
2020-04-01,TLAXCALA,4
2020-04-02,TLAXCALA,1
2020-04-03,TLAXCALA,0
2020-04-04,TLAXCALA,2
2020-04-05,TLAXCALA,6
2020-04-06,TLAXCALA,8
2020-04-07,TLAXCALA,7
2020-04-08,TLAXCALA,6
2020-04-09,TLAXCALA,1
2020-04-10,TLAXCALA,5
2020-04-11,TLAXCALA,6
2020-04-12,TLAXCALA,2
2020-04-13,TLAXCALA,5
2020-04-14,TLAXCALA,7
2020-04-15,TLAXCALA,4
2020-04-16,TLAXCALA,7
2020-04-17,TLAXCALA,6
2020-04-18,TLAXCALA,4
2020-04-19,TLAXCALA,10
2020-04-20,TLAXCALA,8
2020-04-21,TLAXCALA,10
2020-04-22,TLAXCALA,7
2020-04-23,TLAXCALA,12
2020-04-24,TLAXCALA,15
2020-04-25,TLAXCALA,21
2020-04-26,TLAXCALA,13
2020-04-27,TLAXCALA,15
2020-04-28,TLAXCALA,25
2020-04-29,TLAXCALA,8
2020-04-30,TLAXCALA,15
2020-05-01,TLAXCALA,9
2020-05-02,TLAXCALA,16
2020-05-03,TLAXCALA,6
2020-05-04,TLAXCALA,24
2020-05-05,TLAXCALA,16
2020-05-06,TLAXCALA,23
2020-05-07,TLAXCALA,17
2020-05-08,TLAXCALA,20
2020-05-09,TLAXCALA,20
2020-05-10,TLAXCALA,15
2020-05-11,TLAXCALA,35
2020-05-12,TLAXCALA,39
2020-05-13,TLAXCALA,38
2020-05-14,TLAXCALA,21
2020-05-15,TLAXCALA,35
2020-05-16,TLAXCALA,29
2020-05-17,TLAXCALA,25
2020-05-18,TLAXCALA,43
2020-05-19,TLAXCALA,49
2020-05-20,TLAXCALA,39
2020-05-21,TLAXCALA,48
2020-05-22,TLAXCALA,42
2020-05-23,TLAXCALA,28
2020-05-24,TLAXCALA,15
2020-05-25,TLAXCALA,55
2020-05-26,TLAXCALA,35
2020-05-27,TLAXCALA,33
2020-05-28,TLAXCALA,40
2020-05-29,TLAXCALA,38
2020-05-30,TLAXCALA,31
2020-05-31,TLAXCALA,21
2020-06-01,TLAXCALA,45
2020-06-02,TLAXCALA,10
2020-06-03,TLAXCALA,0
2020-06-04,TLAXCALA,0
2020-02-28,VERACRUZ,0
2020-02-29,VERACRUZ,0
2020-03-01,VERACRUZ,0
2020-03-02,VERACRUZ,0
2020-03-03,VERACRUZ,0
2020-03-04,VERACRUZ,0
2020-03-05,VERACRUZ,0
2020-03-06,VERACRUZ,0
2020-03-07,VERACRUZ,0
2020-03-08,VERACRUZ,0
2020-03-09,VERACRUZ,0
2020-03-10,VERACRUZ,0
2020-03-11,VERACRUZ,0
2020-03-12,VERACRUZ,0
2020-03-13,VERACRUZ,0
2020-03-14,VERACRUZ,0
2020-03-15,VERACRUZ,2
2020-03-16,VERACRUZ,0
2020-03-17,VERACRUZ,0
2020-03-18,VERACRUZ,7
2020-03-19,VERACRUZ,5
2020-03-20,VERACRUZ,1
2020-03-21,VERACRUZ,1
2020-03-22,VERACRUZ,0
2020-03-23,VERACRUZ,4
2020-03-24,VERACRUZ,2
2020-03-25,VERACRUZ,2
2020-03-26,VERACRUZ,5
2020-03-27,VERACRUZ,1
2020-03-28,VERACRUZ,1
2020-03-29,VERACRUZ,1
2020-03-30,VERACRUZ,4
2020-03-31,VERACRUZ,2
2020-04-01,VERACRUZ,10
2020-04-02,VERACRUZ,6
2020-04-03,VERACRUZ,8
2020-04-04,VERACRUZ,2
2020-04-05,VERACRUZ,2
2020-04-06,VERACRUZ,6
2020-04-07,VERACRUZ,11
2020-04-08,VERACRUZ,5
2020-04-09,VERACRUZ,12
2020-04-10,VERACRUZ,9
2020-04-11,VERACRUZ,14
2020-04-12,VERACRUZ,9
2020-04-13,VERACRUZ,14
2020-04-14,VERACRUZ,13
2020-04-15,VERACRUZ,30
2020-04-16,VERACRUZ,39
2020-04-17,VERACRUZ,35
2020-04-18,VERACRUZ,18
2020-04-19,VERACRUZ,18
2020-04-20,VERACRUZ,35
2020-04-21,VERACRUZ,45
2020-04-22,VERACRUZ,30
2020-04-23,VERACRUZ,51
2020-04-24,VERACRUZ,48
2020-04-25,VERACRUZ,44
2020-04-26,VERACRUZ,30
2020-04-27,VERACRUZ,68
2020-04-28,VERACRUZ,74
2020-04-29,VERACRUZ,74
2020-04-30,VERACRUZ,63
2020-05-01,VERACRUZ,66
2020-05-02,VERACRUZ,65
2020-05-03,VERACRUZ,58
2020-05-04,VERACRUZ,96
2020-05-05,VERACRUZ,102
2020-05-06,VERACRUZ,106
2020-05-07,VERACRUZ,118
2020-05-08,VERACRUZ,103
2020-05-09,VERACRUZ,79
2020-05-10,VERACRUZ,67
2020-05-11,VERACRUZ,141
2020-05-12,VERACRUZ,121
2020-05-13,VERACRUZ,132
2020-05-14,VERACRUZ,167
2020-05-15,VERACRUZ,185
2020-05-16,VERACRUZ,127
2020-05-17,VERACRUZ,85
2020-05-18,VERACRUZ,154
2020-05-19,VERACRUZ,145
2020-05-20,VERACRUZ,168
2020-05-21,VERACRUZ,169
2020-05-22,VERACRUZ,163
2020-05-23,VERACRUZ,96
2020-05-24,VERACRUZ,97
2020-05-25,VERACRUZ,182
2020-05-26,VERACRUZ,169
2020-05-27,VERACRUZ,142
2020-05-28,VERACRUZ,112
2020-05-29,VERACRUZ,94
2020-05-30,VERACRUZ,67
2020-05-31,VERACRUZ,48
2020-06-01,VERACRUZ,78
2020-06-02,VERACRUZ,22
2020-06-03,VERACRUZ,1
2020-06-04,VERACRUZ,0
2020-02-28,YUCATAN,0
2020-02-29,YUCATAN,0
2020-03-01,YUCATAN,0
2020-03-02,YUCATAN,0
2020-03-03,YUCATAN,0
2020-03-04,YUCATAN,0
2020-03-05,YUCATAN,0
2020-03-06,YUCATAN,0
2020-03-07,YUCATAN,0
2020-03-08,YUCATAN,0
2020-03-09,YUCATAN,0
2020-03-10,YUCATAN,0
2020-03-11,YUCATAN,0
2020-03-12,YUCATAN,1
2020-03-13,YUCATAN,0
2020-03-14,YUCATAN,0
2020-03-15,YUCATAN,4
2020-03-16,YUCATAN,2
2020-03-17,YUCATAN,6
2020-03-18,YUCATAN,0
2020-03-19,YUCATAN,2
2020-03-20,YUCATAN,6
2020-03-21,YUCATAN,0
2020-03-22,YUCATAN,8
2020-03-23,YUCATAN,5
2020-03-24,YUCATAN,8
2020-03-25,YUCATAN,3
2020-03-26,YUCATAN,0
2020-03-27,YUCATAN,2
2020-03-28,YUCATAN,4
2020-03-29,YUCATAN,2
2020-03-30,YUCATAN,10
2020-03-31,YUCATAN,4
2020-04-01,YUCATAN,8
2020-04-02,YUCATAN,2
2020-04-03,YUCATAN,8
2020-04-04,YUCATAN,2
2020-04-05,YUCATAN,5
2020-04-06,YUCATAN,12
2020-04-07,YUCATAN,13
2020-04-08,YUCATAN,9
2020-04-09,YUCATAN,11
2020-04-10,YUCATAN,4
2020-04-11,YUCATAN,6
2020-04-12,YUCATAN,7
2020-04-13,YUCATAN,18
2020-04-14,YUCATAN,18
2020-04-15,YUCATAN,27
2020-04-16,YUCATAN,12
2020-04-17,YUCATAN,15
2020-04-18,YUCATAN,6
2020-04-19,YUCATAN,6
2020-04-20,YUCATAN,26
2020-04-21,YUCATAN,20
2020-04-22,YUCATAN,22
2020-04-23,YUCATAN,34
2020-04-24,YUCATAN,33
2020-04-25,YUCATAN,24
2020-04-26,YUCATAN,20
2020-04-27,YUCATAN,37
2020-04-28,YUCATAN,42
2020-04-29,YUCATAN,32
2020-04-30,YUCATAN,60
2020-05-01,YUCATAN,26
2020-05-02,YUCATAN,28
2020-05-03,YUCATAN,30
2020-05-04,YUCATAN,49
2020-05-05,YUCATAN,44
2020-05-06,YUCATAN,33
2020-05-07,YUCATAN,37
2020-05-08,YUCATAN,35
2020-05-09,YUCATAN,18
2020-05-10,YUCATAN,26
2020-05-11,YUCATAN,43
2020-05-12,YUCATAN,52
2020-05-13,YUCATAN,59
2020-05-14,YUCATAN,57
2020-05-15,YUCATAN,39
2020-05-16,YUCATAN,31
2020-05-17,YUCATAN,49
2020-05-18,YUCATAN,54
2020-05-19,YUCATAN,51
2020-05-20,YUCATAN,57
2020-05-21,YUCATAN,68
2020-05-22,YUCATAN,59
2020-05-23,YUCATAN,33
2020-05-24,YUCATAN,30
2020-05-25,YUCATAN,51
2020-05-26,YUCATAN,52
2020-05-27,YUCATAN,59
2020-05-28,YUCATAN,59
2020-05-29,YUCATAN,46
2020-05-30,YUCATAN,30
2020-05-31,YUCATAN,22
2020-06-01,YUCATAN,43
2020-06-02,YUCATAN,29
2020-06-03,YUCATAN,7
2020-06-04,YUCATAN,0
2020-02-28,ZACATECAS,0
2020-02-29,ZACATECAS,0
2020-03-01,ZACATECAS,0
2020-03-02,ZACATECAS,0
2020-03-03,ZACATECAS,0
2020-03-04,ZACATECAS,0
2020-03-05,ZACATECAS,0
2020-03-06,ZACATECAS,0
2020-03-07,ZACATECAS,0
2020-03-08,ZACATECAS,0
2020-03-09,ZACATECAS,0
2020-03-10,ZACATECAS,0
2020-03-11,ZACATECAS,0
2020-03-12,ZACATECAS,0
2020-03-13,ZACATECAS,0
2020-03-14,ZACATECAS,0
2020-03-15,ZACATECAS,0
2020-03-16,ZACATECAS,1
2020-03-17,ZACATECAS,0
2020-03-18,ZACATECAS,0
2020-03-19,ZACATECAS,0
2020-03-20,ZACATECAS,1
2020-03-21,ZACATECAS,1
2020-03-22,ZACATECAS,1
2020-03-23,ZACATECAS,0
2020-03-24,ZACATECAS,1
2020-03-25,ZACATECAS,0
2020-03-26,ZACATECAS,0
2020-03-27,ZACATECAS,4
2020-03-28,ZACATECAS,1
2020-03-29,ZACATECAS,0
2020-03-30,ZACATECAS,0
2020-03-31,ZACATECAS,0
2020-04-01,ZACATECAS,0
2020-04-02,ZACATECAS,1
2020-04-03,ZACATECAS,0
2020-04-04,ZACATECAS,1
2020-04-05,ZACATECAS,1
2020-04-06,ZACATECAS,1
2020-04-07,ZACATECAS,0
2020-04-08,ZACATECAS,2
2020-04-09,ZACATECAS,2
2020-04-10,ZACATECAS,0
2020-04-11,ZACATECAS,2
2020-04-12,ZACATECAS,1
2020-04-13,ZACATECAS,0
2020-04-14,ZACATECAS,1
2020-04-15,ZACATECAS,6
2020-04-16,ZACATECAS,3
2020-04-17,ZACATECAS,2
2020-04-18,ZACATECAS,7
2020-04-19,ZACATECAS,1
2020-04-20,ZACATECAS,9
2020-04-21,ZACATECAS,2
2020-04-22,ZACATECAS,2
2020-04-23,ZACATECAS,8
2020-04-24,ZACATECAS,5
2020-04-25,ZACATECAS,4
2020-04-26,ZACATECAS,3
2020-04-27,ZACATECAS,4
2020-04-28,ZACATECAS,10
2020-04-29,ZACATECAS,9
2020-04-30,ZACATECAS,4
2020-05-01,ZACATECAS,7
2020-05-02,ZACATECAS,7
2020-05-03,ZACATECAS,2
2020-05-04,ZACATECAS,5
2020-05-05,ZACATECAS,5
2020-05-06,ZACATECAS,11
2020-05-07,ZACATECAS,9
2020-05-08,ZACATECAS,9
2020-05-09,ZACATECAS,4
2020-05-10,ZACATECAS,2
2020-05-11,ZACATECAS,9
2020-05-12,ZACATECAS,3
2020-05-13,ZACATECAS,8
2020-05-14,ZACATECAS,13
2020-05-15,ZACATECAS,8
2020-05-16,ZACATECAS,2
2020-05-17,ZACATECAS,3
2020-05-18,ZACATECAS,6
2020-05-19,ZACATECAS,0
2020-05-20,ZACATECAS,15
2020-05-21,ZACATECAS,6
2020-05-22,ZACATECAS,9
2020-05-23,ZACATECAS,9
2020-05-24,ZACATECAS,6
2020-05-25,ZACATECAS,10
2020-05-26,ZACATECAS,11
2020-05-27,ZACATECAS,4
2020-05-28,ZACATECAS,7
2020-05-29,ZACATECAS,13
2020-05-30,ZACATECAS,7
2020-05-31,ZACATECAS,2
2020-06-01,ZACATECAS,15
2020-06-02,ZACATECAS,11
2020-06-03,ZACATECAS,2
2020-06-04,ZACATECAS,0
2020-02-28,Nacional,2
2020-02-29,Nacional,1
2020-03-01,Nacional,0
2020-03-02,Nacional,2
2020-03-03,Nacional,0
2020-03-04,Nacional,2
2020-03-05,Nacional,1
2020-03-06,Nacional,0
2020-03-07,Nacional,1
2020-03-08,Nacional,4
2020-03-09,Nacional,2
2020-03-10,Nacional,9
2020-03-11,Nacional,27
2020-03-12,Nacional,28
2020-03-13,Nacional,60
2020-03-14,Nacional,49
2020-03-15,Nacional,36
2020-03-16,Nacional,68
2020-03-17,Nacional,91
2020-03-18,Nacional,99
2020-03-19,Nacional,107
2020-03-20,Nacional,100
2020-03-21,Nacional,66
2020-03-22,Nacional,48
2020-03-23,Nacional,129
2020-03-24,Nacional,164
2020-03-25,Nacional,141
2020-03-26,Nacional,173
2020-03-27,Nacional,211
2020-03-28,Nacional,159
2020-03-29,Nacional,142
2020-03-30,Nacional,306
2020-03-31,Nacional,277
2020-04-01,Nacional,318
2020-04-02,Nacional,300
2020-04-03,Nacional,335
2020-04-04,Nacional,219
2020-04-05,Nacional,224
2020-04-06,Nacional,532
2020-04-07,Nacional,449
2020-04-08,Nacional,515
2020-04-09,Nacional,406
2020-04-10,Nacional,486
2020-04-11,Nacional,405
2020-04-12,Nacional,428
2020-04-13,Nacional,842
2020-04-14,Nacional,839
2020-04-15,Nacional,860
2020-04-16,Nacional,882
2020-04-17,Nacional,1019
2020-04-18,Nacional,726
2020-04-19,Nacional,668
2020-04-20,Nacional,1340
2020-04-21,Nacional,1299
2020-04-22,Nacional,1240
2020-04-23,Nacional,1319
2020-04-24,Nacional,1507
2020-04-25,Nacional,950
2020-04-26,Nacional,929
2020-04-27,Nacional,1671
2020-04-28,Nacional,1679
2020-04-29,Nacional,1676
2020-04-30,Nacional,1657
2020-05-01,Nacional,1276
2020-05-02,Nacional,1289
2020-05-03,Nacional,1158
2020-05-04,Nacional,2351
2020-05-05,Nacional,1912
2020-05-06,Nacional,2098
2020-05-07,Nacional,2182
2020-05-08,Nacional,2221
2020-05-09,Nacional,1393
2020-05-10,Nacional,1241
2020-05-11,Nacional,2689
2020-05-12,Nacional,2622
2020-05-13,Nacional,2846
2020-05-14,Nacional,2736
2020-05-15,Nacional,3011
2020-05-16,Nacional,1798
2020-05-17,Nacional,1451
2020-05-18,Nacional,3470
2020-05-19,Nacional,3092
2020-05-20,Nacional,3340
2020-05-21,Nacional,3368
2020-05-22,Nacional,3340
2020-05-23,Nacional,1792
2020-05-24,Nacional,1568
2020-05-25,Nacional,3895
2020-05-26,Nacional,3562
2020-05-27,Nacional,3638
2020-05-28,Nacional,3166
2020-05-29,Nacional,2949
2020-05-30,Nacional,1525
2020-05-31,Nacional,937
2020-06-01,Nacional,2214
2020-06-02,Nacional,1065
2020-06-03,Nacional,237
2020-06-04,Nacional,14
